CREATE DATABASE  IF NOT EXISTS `proyecto_integrador_v2` /*!40100 DEFAULT CHARACTER SET utf8 COLLATE utf8_unicode_ci */ /*!80016 DEFAULT ENCRYPTION='N' */;
USE `proyecto_integrador_v2`;
-- MySQL dump 10.13  Distrib 8.0.16, for Win64 (x86_64)
--
-- Host: localhost    Database: proyecto_integrador_v2
-- ------------------------------------------------------
-- Server version	8.0.16

/*!40101 SET @OLD_CHARACTER_SET_CLIENT=@@CHARACTER_SET_CLIENT */;
/*!40101 SET @OLD_CHARACTER_SET_RESULTS=@@CHARACTER_SET_RESULTS */;
/*!40101 SET @OLD_COLLATION_CONNECTION=@@COLLATION_CONNECTION */;
 SET NAMES utf8 ;
/*!40103 SET @OLD_TIME_ZONE=@@TIME_ZONE */;
/*!40103 SET TIME_ZONE='+00:00' */;
/*!40014 SET @OLD_UNIQUE_CHECKS=@@UNIQUE_CHECKS, UNIQUE_CHECKS=0 */;
/*!40014 SET @OLD_FOREIGN_KEY_CHECKS=@@FOREIGN_KEY_CHECKS, FOREIGN_KEY_CHECKS=0 */;
/*!40101 SET @OLD_SQL_MODE=@@SQL_MODE, SQL_MODE='NO_AUTO_VALUE_ON_ZERO' */;
/*!40111 SET @OLD_SQL_NOTES=@@SQL_NOTES, SQL_NOTES=0 */;

--
-- Table structure for table `boleta`
--

DROP TABLE IF EXISTS `boleta`;
/*!40101 SET @saved_cs_client     = @@character_set_client */;
 SET character_set_client = utf8mb4 ;
CREATE TABLE `boleta` (
  `idboleta` int(11) NOT NULL AUTO_INCREMENT,
  `numero` varchar(45) DEFAULT NULL,
  `nombre` varchar(45) DEFAULT NULL,
  `dni` char(8) DEFAULT NULL,
  `monto` double DEFAULT NULL,
  `fecha` varchar(45) DEFAULT NULL,
  `estado` varchar(45) DEFAULT NULL,
  `idcliente` int(11) DEFAULT NULL,
  PRIMARY KEY (`idboleta`),
  KEY `fk_idxBolCli_idx` (`idcliente`),
  CONSTRAINT `fk_idxBolCli` FOREIGN KEY (`idcliente`) REFERENCES `cliente` (`idcliente`)
) ENGINE=InnoDB AUTO_INCREMENT=4 DEFAULT CHARSET=utf8;
/*!40101 SET character_set_client = @saved_cs_client */;

--
-- Dumping data for table `boleta`
--

LOCK TABLES `boleta` WRITE;
/*!40000 ALTER TABLE `boleta` DISABLE KEYS */;
INSERT INTO `boleta` VALUES (1,'111111111','Carlos Daniel Chinchay Rimac','95451852',259.5,'2021-05-29','En Proceso',1),(2,'111111111','Carlos Daniel Chinchay Rimac','95451852',508.5,'2021-05-29','En Proceso',1),(3,'111111111','Carlos Daniel Chinchay Rimac','95451852',259.5,'2021-05-29','En Proceso',1);
/*!40000 ALTER TABLE `boleta` ENABLE KEYS */;
UNLOCK TABLES;

--
-- Table structure for table `categoria`
--

DROP TABLE IF EXISTS `categoria`;
/*!40101 SET @saved_cs_client     = @@character_set_client */;
 SET character_set_client = utf8mb4 ;
CREATE TABLE `categoria` (
  `idcategoria` int(11) NOT NULL AUTO_INCREMENT,
  `nombre` varchar(45) CHARACTER SET utf8 COLLATE utf8_unicode_ci NOT NULL,
  PRIMARY KEY (`idcategoria`)
) ENGINE=InnoDB AUTO_INCREMENT=10 DEFAULT CHARSET=utf8 COLLATE=utf8_unicode_ci;
/*!40101 SET character_set_client = @saved_cs_client */;

--
-- Dumping data for table `categoria`
--

LOCK TABLES `categoria` WRITE;
/*!40000 ALTER TABLE `categoria` DISABLE KEYS */;
INSERT INTO `categoria` VALUES (1,'Comida'),(2,'Juguete'),(3,'Camas'),(4,'Accesorios'),(5,'Ropa'),(6,'Fármacos'),(7,'Suplementos'),(8,'Platos'),(9,'Rascadores');
/*!40000 ALTER TABLE `categoria` ENABLE KEYS */;
UNLOCK TABLES;

--
-- Table structure for table `cliente`
--

DROP TABLE IF EXISTS `cliente`;
/*!40101 SET @saved_cs_client     = @@character_set_client */;
 SET character_set_client = utf8mb4 ;
CREATE TABLE `cliente` (
  `idcliente` int(11) NOT NULL AUTO_INCREMENT,
  `nombre` varchar(50) DEFAULT NULL,
  `apellido` varchar(50) DEFAULT NULL,
  `direccion` varchar(100) DEFAULT NULL,
  `telefono` char(7) DEFAULT NULL,
  `celular` char(9) DEFAULT NULL,
  `dni` char(8) DEFAULT NULL,
  `email` varchar(100) DEFAULT NULL,
  `iddistrito` int(11) DEFAULT NULL,
  `idusuario` int(11) DEFAULT NULL,
  PRIMARY KEY (`idcliente`),
  KEY `fk_idxUsuario_idx` (`idusuario`),
  KEY `fk_idxCliDis_idx` (`iddistrito`),
  CONSTRAINT `fk_idxCliDis` FOREIGN KEY (`iddistrito`) REFERENCES `distrito` (`iddistrito`),
  CONSTRAINT `fk_idxCliUsu` FOREIGN KEY (`idusuario`) REFERENCES `usuario` (`idusuario`)
) ENGINE=InnoDB AUTO_INCREMENT=14 DEFAULT CHARSET=utf8;
/*!40101 SET character_set_client = @saved_cs_client */;

--
-- Dumping data for table `cliente`
--

LOCK TABLES `cliente` WRITE;
/*!40000 ALTER TABLE `cliente` DISABLE KEYS */;
INSERT INTO `cliente` VALUES (1,'Carlos Daniel','Chinchay Rimac','Jr. Carlos Lisson 289','1231231','984546546','95451852','DanielChr18@outlook.com',9,1),(2,'Kimberly','Ortiz Perez','Jr. Carlos Lisson 289','1231232','954845125','14512565','kimOrtiz@hotmail.com',13,4),(4,'Pablo Mario','Gutierres Quiroz','Jr. Carlos Lisson 289','9239166','962259444','78415666','pabGutierres@hotmail.com',9,5),(5,'Guillermo José','Porras Saravia','Jr. Carlos Lisson 289','9239166','987848154','70159485','guiPorras@hotmail.com',10,6),(6,'Juan Eduardo','Tavara Mendez','Jr. Carlos Lisson 289','1231231','966625302','92955418','juanTavara@hotmail.com',10,7),(7,'Julia Elizabeth','Quispe Lima','Jr. Carlos Lisson 289','1231231','902015488','01564852','julQuispe@hotmail.com',10,8),(8,'Sebastián Miguel','Villacorta Elere','Jr. Carlos Lisson 289','1231231','951506878','70825166','sebVillacorta@hotmail.com',10,9),(9,'Fabio Gonzalo','Vega Villegas','Jr. Carlos Lisson 289','1231231','968541523','10748550','fabVega@hotmail.com',2,10),(10,'Ana Lucia','Romero Barreto','Jr. Carlos Lisson 289','3232342','919254365','10560528','anaRomero@hotmail.com',2,11),(11,'Francisco Javier','Torres Gonzales','Jr. Carlos Lisson 289','1231231','915484815','81416515','franTorres@hotmail.com',11,12),(12,'Fausto','Noriega Lujan','asdasdsadasd','1231231','925165485','71814814','fauNoriega@hotmail.com',3,13),(13,'Carlos Daniel','Rimac','Jr. Carlos Lisson 289','1231233','945848488','15616548','DanielChr18@outlook.com',11,14);
/*!40000 ALTER TABLE `cliente` ENABLE KEYS */;
UNLOCK TABLES;

--
-- Table structure for table `detalleboleta`
--

DROP TABLE IF EXISTS `detalleboleta`;
/*!40101 SET @saved_cs_client     = @@character_set_client */;
 SET character_set_client = utf8mb4 ;
CREATE TABLE `detalleboleta` (
  `iddetalleboleta` int(11) NOT NULL AUTO_INCREMENT,
  `cantidad` int(11) DEFAULT NULL,
  `costo` double DEFAULT NULL,
  `idproducto` int(11) DEFAULT NULL,
  `idboleta` int(11) DEFAULT NULL,
  PRIMARY KEY (`iddetalleboleta`),
  KEY `fk_idxProducto_idx` (`idproducto`),
  KEY `fk_idxBoleta_idx` (`idboleta`),
  CONSTRAINT `fk_idxDetBolPro` FOREIGN KEY (`idboleta`) REFERENCES `boleta` (`idboleta`),
  CONSTRAINT `fk_idxDetPro` FOREIGN KEY (`idproducto`) REFERENCES `producto` (`idproducto`)
) ENGINE=InnoDB AUTO_INCREMENT=9 DEFAULT CHARSET=utf8;
/*!40101 SET character_set_client = @saved_cs_client */;

--
-- Dumping data for table `detalleboleta`
--

LOCK TABLES `detalleboleta` WRITE;
/*!40000 ALTER TABLE `detalleboleta` DISABLE KEYS */;
INSERT INTO `detalleboleta` VALUES (1,1,90,2,1),(2,1,79.5,1,1),(3,1,90,3,1),(4,3,238.5,1,2),(5,2,180,2,2),(6,1,90,3,2),(7,1,79.5,1,3),(8,2,180,2,3);
/*!40000 ALTER TABLE `detalleboleta` ENABLE KEYS */;
UNLOCK TABLES;

--
-- Table structure for table `distrito`
--

DROP TABLE IF EXISTS `distrito`;
/*!40101 SET @saved_cs_client     = @@character_set_client */;
 SET character_set_client = utf8mb4 ;
CREATE TABLE `distrito` (
  `iddistrito` int(11) NOT NULL AUTO_INCREMENT,
  `ubigeo` varchar(45) CHARACTER SET utf8 COLLATE utf8_general_ci DEFAULT NULL,
  `nombre` varchar(100) CHARACTER SET utf8 COLLATE utf8_general_ci DEFAULT NULL,
  PRIMARY KEY (`iddistrito`)
) ENGINE=InnoDB AUTO_INCREMENT=51 DEFAULT CHARSET=utf8 COLLATE=utf8_unicode_ci;
/*!40101 SET character_set_client = @saved_cs_client */;

--
-- Dumping data for table `distrito`
--

LOCK TABLES `distrito` WRITE;
/*!40000 ALTER TABLE `distrito` DISABLE KEYS */;
INSERT INTO `distrito` VALUES (1,'70701','Callao'),(2,'70702','Bellavista'),(3,'70703','Carmen de La Legua'),(4,'70704','La Perla'),(5,'70705','La Punta'),(6,'70706','Mi Perú'),(7,'70707','Ventanilla'),(8,'150101','Lima'),(9,'150102','Ancón'),(10,'150103','Ate'),(11,'150104','Barranco'),(12,'150105','Breña'),(13,'150106','Carabayllo'),(14,'150108','Chaclacayo'),(15,'150109','Chorrillos'),(16,'150107','Cieneguilla'),(17,'150110','Comas'),(18,'150111','El Agustino'),(19,'150112','Independencia'),(20,'150113','Jesús María'),(21,'150114','La Molina'),(22,'150115','La Victoria'),(23,'150116','Lince'),(24,'150117','Los Olivos'),(25,'150118','Lurigancho'),(26,'150119','Lurín'),(27,'150120','Magdalena del Mar'),(28,'150121','Miraflores'),(29,'150122','Pachacámac'),(30,'150123','Pucusana'),(31,'150124','Pueblo Libre'),(32,'150125','Puente Piedra'),(33,'150126','Punta Hermosa'),(34,'150127','Punta Negra'),(35,'150128','Rímac'),(36,'150129','San Bartolo'),(37,'150130','San Borja'),(38,'150131','San Isidro'),(39,'150132','San Juan de Lurigancho'),(40,'150133','San Juan de Miraflores'),(41,'150134','San Luis'),(42,'150135','San Martín de Porres'),(43,'150136','San Miguel'),(44,'150137','Santa Anita'),(45,'150138','Santa María del Mar'),(46,'150139','Santa Rosa'),(47,'150140','Santiago de Surco'),(48,'150141','Surquillo'),(49,'150142','Villa El Salvador'),(50,'150143','Villa María del Triunfo');
/*!40000 ALTER TABLE `distrito` ENABLE KEYS */;
UNLOCK TABLES;

--
-- Table structure for table `fechasservicios`
--

DROP TABLE IF EXISTS `fechasservicios`;
/*!40101 SET @saved_cs_client     = @@character_set_client */;
 SET character_set_client = utf8mb4 ;
CREATE TABLE `fechasservicios` (
  `idfechasservicios` int(11) NOT NULL AUTO_INCREMENT,
  `fecha` varchar(45) CHARACTER SET utf8 COLLATE utf8_unicode_ci DEFAULT NULL,
  `estado` varchar(45) CHARACTER SET utf8 COLLATE utf8_unicode_ci DEFAULT NULL,
  `idhorariosservicios` int(11) DEFAULT NULL,
  PRIMARY KEY (`idfechasservicios`),
  KEY `fk_idxCitHorSer_idx` (`idhorariosservicios`),
  CONSTRAINT `fk_idxCitHorSer` FOREIGN KEY (`idhorariosservicios`) REFERENCES `horariosservicios` (`idhorariosservicios`)
) ENGINE=InnoDB AUTO_INCREMENT=268 DEFAULT CHARSET=utf8 COLLATE=utf8_unicode_ci;
/*!40101 SET character_set_client = @saved_cs_client */;

--
-- Dumping data for table `fechasservicios`
--

LOCK TABLES `fechasservicios` WRITE;
/*!40000 ALTER TABLE `fechasservicios` DISABLE KEYS */;
INSERT INTO `fechasservicios` VALUES (3,'2021-04-21','reservado',7),(5,'2021-04-28','reservado',5),(11,'2021-05-12','reservado',5),(20,'2021-04-29','reservado',17),(25,'2021-05-13','reservado',16),(26,'2021-05-13','reservado',17),(32,'2021-04-20','reservado',26),(34,'2021-04-27','reservado',25),(35,'2021-04-27','reservado',26),(44,'2021-05-18','reservado',26),(50,'2021-04-28','reservado',38),(54,'2021-05-05','reservado',41),(55,'2021-05-12','reservado',35),(72,'2021-05-14','reservado',51),(73,'2021-05-21','reservado',45),(152,'2021-06-08','reservado',58),(157,'2021-06-15','libre',25),(158,'2021-06-15','libre',26),(159,'2021-06-15','libre',31),(161,'2021-06-11','reservado',48),(163,'2021-06-15','libre',57),(164,'2021-06-15','libre',58),(165,'2021-06-15','libre',59),(166,'2021-06-16','libre',3),(167,'2021-06-23','libre',3),(168,'2021-06-30','libre',3),(169,'2021-06-16','reservado',5),(170,'2021-06-23','libre',5),(171,'2021-06-30','libre',5),(172,'2021-06-16','libre',7),(173,'2021-06-23','libre',7),(174,'2021-06-30','libre',7),(175,'2021-06-17','libre',16),(176,'2021-06-24','libre',16),(177,'2021-07-01','libre',16),(178,'2021-06-17','libre',17),(179,'2021-06-24','libre',17),(180,'2021-07-01','libre',17),(181,'2021-06-17','libre',19),(182,'2021-06-24','libre',19),(183,'2021-07-01','libre',19),(184,'2021-06-22','libre',25),(185,'2021-06-29','libre',25),(186,'2021-06-22','libre',26),(187,'2021-06-29','libre',26),(188,'2021-06-22','libre',31),(189,'2021-06-29','libre',31),(190,'2021-06-16','libre',35),(191,'2021-06-23','libre',35),(192,'2021-06-30','libre',35),(193,'2021-06-16','libre',38),(194,'2021-06-23','libre',38),(195,'2021-06-30','libre',38),(196,'2021-06-16','libre',41),(197,'2021-06-23','libre',41),(198,'2021-06-30','libre',41),(199,'2021-06-18','libre',45),(200,'2021-06-25','libre',45),(201,'2021-07-02','libre',45),(202,'2021-06-18','libre',48),(203,'2021-06-25','libre',48),(204,'2021-07-02','libre',48),(205,'2021-06-18','libre',51),(206,'2021-06-25','libre',51),(207,'2021-07-02','libre',51),(208,'2021-06-22','libre',57),(209,'2021-06-29','libre',57),(210,'2021-06-22','libre',58),(211,'2021-06-29','libre',58),(212,'2021-06-22','libre',59),(213,'2021-06-29','libre',59),(214,'2021-07-07','libre',3),(215,'2021-07-07','libre',5),(216,'2021-07-07','libre',7),(218,'2021-07-08','libre',17),(219,'2021-07-08','libre',19),(220,'2021-07-06','libre',25),(221,'2021-07-06','libre',26),(222,'2021-07-06','libre',31),(223,'2021-07-07','libre',35),(224,'2021-07-07','libre',38),(225,'2021-07-07','libre',41),(226,'2021-07-09','libre',45),(227,'2021-07-09','libre',48),(228,'2021-07-09','libre',51),(229,'2021-07-06','libre',57),(230,'2021-07-06','libre',58),(231,'2021-07-06','libre',59),(232,'2021-07-14','libre',3),(233,'2021-07-21','libre',3),(234,'2021-07-14','libre',5),(235,'2021-07-21','libre',5),(236,'2021-07-14','libre',7),(237,'2021-07-21','libre',7),(238,'2021-07-15','libre',16),(239,'2021-07-22','libre',16),(240,'2021-07-15','libre',17),(241,'2021-07-22','libre',17),(242,'2021-07-15','libre',19),(243,'2021-07-22','libre',19),(244,'2021-07-13','libre',25),(245,'2021-07-20','libre',25),(246,'2021-07-13','libre',26),(247,'2021-07-20','libre',26),(248,'2021-07-13','libre',31),(249,'2021-07-20','libre',31),(250,'2021-07-14','libre',35),(251,'2021-07-21','libre',35),(252,'2021-07-14','libre',38),(253,'2021-07-21','libre',38),(254,'2021-07-14','libre',41),(255,'2021-07-21','libre',41),(256,'2021-07-16','libre',45),(257,'2021-07-23','libre',45),(258,'2021-07-16','libre',48),(259,'2021-07-23','libre',48),(260,'2021-07-16','libre',51),(261,'2021-07-23','libre',51),(262,'2021-07-13','libre',57),(263,'2021-07-20','libre',57),(264,'2021-07-13','libre',58),(265,'2021-07-20','libre',58),(266,'2021-07-13','libre',59),(267,'2021-07-20','libre',59);
/*!40000 ALTER TABLE `fechasservicios` ENABLE KEYS */;
UNLOCK TABLES;

--
-- Table structure for table `historialmascota`
--

DROP TABLE IF EXISTS `historialmascota`;
/*!40101 SET @saved_cs_client     = @@character_set_client */;
 SET character_set_client = utf8mb4 ;
CREATE TABLE `historialmascota` (
  `idhistorialmascota` int(11) NOT NULL AUTO_INCREMENT,
  `fecha` date DEFAULT NULL,
  `hora` varchar(20) DEFAULT NULL,
  `descripcion` longtext,
  `idtrabajador` int(11) DEFAULT NULL,
  `idreserva` int(11) DEFAULT NULL,
  PRIMARY KEY (`idhistorialmascota`),
  KEY `fk_idxHisTra_idx` (`idtrabajador`),
  KEY `fk_idxHisRes_idx` (`idreserva`),
  CONSTRAINT `fk_idxHisRes` FOREIGN KEY (`idreserva`) REFERENCES `reserva` (`idreserva`),
  CONSTRAINT `fk_idxHisTra` FOREIGN KEY (`idtrabajador`) REFERENCES `trabajador` (`idtrabajador`)
) ENGINE=InnoDB AUTO_INCREMENT=3 DEFAULT CHARSET=utf8;
/*!40101 SET character_set_client = @saved_cs_client */;

--
-- Dumping data for table `historialmascota`
--

LOCK TABLES `historialmascota` WRITE;
/*!40000 ALTER TABLE `historialmascota` DISABLE KEYS */;
INSERT INTO `historialmascota` VALUES (1,'2021-06-26','12:05:03','<p>qweqwqweqwe</p>\n',2,1),(2,'2021-06-26','2021-06-','<p>kqouqoiweuoquweuiuqowiuoqiweuiowqu</p>\n',2,5);
/*!40000 ALTER TABLE `historialmascota` ENABLE KEYS */;
UNLOCK TABLES;

--
-- Table structure for table `horariosservicios`
--

DROP TABLE IF EXISTS `horariosservicios`;
/*!40101 SET @saved_cs_client     = @@character_set_client */;
 SET character_set_client = utf8mb4 ;
CREATE TABLE `horariosservicios` (
  `idhorariosservicios` int(11) NOT NULL AUTO_INCREMENT,
  `horario` varchar(45) CHARACTER SET utf8 COLLATE utf8_unicode_ci DEFAULT NULL,
  `estado` varchar(45) CHARACTER SET utf8 COLLATE utf8_unicode_ci DEFAULT NULL,
  `idservicio` int(11) DEFAULT NULL,
  PRIMARY KEY (`idhorariosservicios`),
  KEY `fk_idxHorSer_idx` (`idservicio`),
  CONSTRAINT `fk_idxHorSer` FOREIGN KEY (`idservicio`) REFERENCES `servicio` (`idservicio`)
) ENGINE=InnoDB AUTO_INCREMENT=67 DEFAULT CHARSET=utf8 COLLATE=utf8_unicode_ci;
/*!40101 SET character_set_client = @saved_cs_client */;

--
-- Dumping data for table `horariosservicios`
--

LOCK TABLES `horariosservicios` WRITE;
/*!40000 ALTER TABLE `horariosservicios` DISABLE KEYS */;
INSERT INTO `horariosservicios` VALUES (1,'10:00','desactivado',1),(2,'11:00','desactivado',1),(3,'12:00','activado',1),(4,'13:00','desactivado',1),(5,'14:00','reservado',1),(6,'15:00','desactivado',1),(7,'16:00','ocupado',1),(8,'17:00','desactivado',1),(9,'18:00','desactivado',1),(10,'19:00','desactivado',1),(11,'20:00','desactivado',1),(12,'10:00','desactivado',2),(13,'11:00','desactivado',2),(14,'12:00','desactivado',2),(15,'13:00','desactivado',2),(16,'14:00','activado',2),(17,'15:00','ocupado',2),(18,'16:00','desactivado',2),(19,'17:00','activado',2),(20,'18:00','desactivado',2),(21,'19:00','desactivado',2),(22,'20:00','desactivado',2),(23,'10:00','desactivado',3),(24,'11:00','desactivado',3),(25,'12:00','ocupado',3),(26,'13:00','ocupado',3),(27,'14:00','desactivado',3),(28,'15:00','desactivado',3),(29,'16:00','desactivado',3),(30,'17:00','desactivado',3),(31,'18:00','activado',3),(32,'19:00','desactivado',3),(33,'20:00','desactivado',3),(34,'10:00','desactivado',4),(35,'11:00','ocupado',4),(36,'12:00','desactivado',4),(37,'13:00','desactivado',4),(38,'14:00','ocupado',4),(39,'15:00','desactivado',4),(40,'16:00','desactivado',4),(41,'17:00','ocupado',4),(42,'18:00','desactivado',4),(43,'19:00','desactivado',4),(44,'20:00','desactivado',4),(45,'10:00','ocupado',5),(46,'11:00','desactivado',5),(47,'12:00','desactivado',5),(48,'13:00','reservado',5),(49,'14:00','desactivado',5),(50,'15:00','desactivado',5),(51,'16:00','ocupado',5),(52,'17:00','desactivado',5),(53,'18:00','desactivado',5),(54,'19:00','desactivado',5),(55,'20:00','desactivado',5),(56,'10:00','desactivado',6),(57,'11:00','activado',6),(58,'12:00','reservado',6),(59,'13:00','activado',6),(60,'14:00','desactivado',6),(61,'15:00','desactivado',6),(62,'16:00','desactivado',6),(63,'17:00','desactivado',6),(64,'18:00','desactivado',6),(65,'19:00','desactivado',6),(66,'20:00','desactivado',6);
/*!40000 ALTER TABLE `horariosservicios` ENABLE KEYS */;
UNLOCK TABLES;

--
-- Table structure for table `marca`
--

DROP TABLE IF EXISTS `marca`;
/*!40101 SET @saved_cs_client     = @@character_set_client */;
 SET character_set_client = utf8mb4 ;
CREATE TABLE `marca` (
  `idmarca` int(11) NOT NULL AUTO_INCREMENT,
  `nombre` varchar(45) CHARACTER SET utf8 COLLATE utf8_unicode_ci DEFAULT NULL,
  PRIMARY KEY (`idmarca`)
) ENGINE=InnoDB AUTO_INCREMENT=14 DEFAULT CHARSET=utf8 COLLATE=utf8_unicode_ci;
/*!40101 SET character_set_client = @saved_cs_client */;

--
-- Dumping data for table `marca`
--

LOCK TABLES `marca` WRITE;
/*!40000 ALTER TABLE `marca` DISABLE KEYS */;
INSERT INTO `marca` VALUES (1,'Ricocan'),(2,'Mimaskot'),(3,'Nutrican'),(4,'Purina Dog Chow'),(5,'Pedigree'),(6,'Thor'),(7,'Canbo'),(8,'Super Can'),(9,'Purina Proplan'),(10,'Ricocat'),(11,'Gran Plus'),(12,'Michicat'),(13,'Super Cat');
/*!40000 ALTER TABLE `marca` ENABLE KEYS */;
UNLOCK TABLES;

--
-- Table structure for table `mascota`
--

DROP TABLE IF EXISTS `mascota`;
/*!40101 SET @saved_cs_client     = @@character_set_client */;
 SET character_set_client = utf8mb4 ;
CREATE TABLE `mascota` (
  `idmascota` int(11) NOT NULL AUTO_INCREMENT,
  `nombre` varchar(45) DEFAULT NULL,
  `idtipomascota` int(11) DEFAULT NULL,
  `raza` varchar(45) DEFAULT NULL,
  `fechaNacimiento` varchar(45) DEFAULT NULL,
  `sexo` varchar(45) DEFAULT NULL,
  `imagen` varchar(150) DEFAULT NULL,
  `idcliente` int(11) DEFAULT NULL,
  PRIMARY KEY (`idmascota`),
  KEY `fk_idxCliente_idx` (`idcliente`),
  KEY `fk_idxMasTipo_idx` (`idtipomascota`),
  CONSTRAINT `fk_idxMasCli` FOREIGN KEY (`idcliente`) REFERENCES `cliente` (`idcliente`),
  CONSTRAINT `fk_idxMasTipo` FOREIGN KEY (`idtipomascota`) REFERENCES `tipomascota` (`idtipomascota`)
) ENGINE=InnoDB AUTO_INCREMENT=7 DEFAULT CHARSET=utf8;
/*!40101 SET character_set_client = @saved_cs_client */;

--
-- Dumping data for table `mascota`
--

LOCK TABLES `mascota` WRITE;
/*!40000 ALTER TABLE `mascota` DISABLE KEYS */;
INSERT INTO `mascota` VALUES (1,'Copito',1,'No sé','2021-04-10','Macho','https://miproyecto.s3.us-east-2.amazonaws.com/MASCOTA1-1.jpeg',1),(2,'Chester',1,'No sé','2021-05-07','Macho','https://miproyecto.s3.us-east-2.amazonaws.com/MASCOTA1-2.jpeg',1),(3,'Lazi',2,'No sé','2021-04-11','Hembra','https://miproyecto.s3.us-east-2.amazonaws.com/MASCOTA1-3.jpeg',1),(4,'Zazá',1,'No sé','2021-04-11','Macho','https://miproyecto.s3.us-east-2.amazonaws.com/MASCOTA10-4.jpeg',10),(6,'Zazá',1,'No sé','2021-04-15','Macho','https://miproyecto.s3.us-east-2.amazonaws.com/MASCOTA1-6.jpeg',1);
/*!40000 ALTER TABLE `mascota` ENABLE KEYS */;
UNLOCK TABLES;

--
-- Table structure for table `producto`
--

DROP TABLE IF EXISTS `producto`;
/*!40101 SET @saved_cs_client     = @@character_set_client */;
 SET character_set_client = utf8mb4 ;
CREATE TABLE `producto` (
  `idproducto` int(11) NOT NULL AUTO_INCREMENT,
  `nombre` varchar(500) CHARACTER SET utf8 COLLATE utf8_general_ci DEFAULT NULL,
  `precio` double DEFAULT NULL,
  `stock` int(11) DEFAULT NULL,
  `serie` varchar(45) CHARACTER SET utf8 COLLATE utf8_general_ci DEFAULT NULL,
  `idmarca` int(11) DEFAULT NULL,
  `idproveedor` int(11) DEFAULT NULL,
  `idcategoria` int(11) DEFAULT NULL,
  `idtipomascota` int(11) DEFAULT NULL,
  `descripcion` varchar(500) CHARACTER SET utf8 COLLATE utf8_general_ci DEFAULT NULL,
  `descripcionlarga` longtext CHARACTER SET utf8 COLLATE utf8_unicode_ci,
  `estado` varchar(45) CHARACTER SET utf8 COLLATE utf8_unicode_ci DEFAULT NULL,
  `imagen1` varchar(150) CHARACTER SET utf8 COLLATE utf8_unicode_ci DEFAULT NULL,
  `imagen2` varchar(150) CHARACTER SET utf8 COLLATE utf8_unicode_ci DEFAULT NULL,
  `imagen3` varchar(150) CHARACTER SET utf8 COLLATE utf8_unicode_ci DEFAULT NULL,
  PRIMARY KEY (`idproducto`),
  KEY `fk_idxProMar_idx` (`idmarca`),
  KEY `fk_idxProProv_idx` (`idproveedor`),
  KEY `fk_idxProCat_idx` (`idcategoria`),
  KEY `fk_idxProTipoMas_idx` (`idtipomascota`),
  CONSTRAINT `fk_idxProCat` FOREIGN KEY (`idcategoria`) REFERENCES `categoria` (`idcategoria`),
  CONSTRAINT `fk_idxProMar` FOREIGN KEY (`idmarca`) REFERENCES `marca` (`idmarca`),
  CONSTRAINT `fk_idxProProv` FOREIGN KEY (`idproveedor`) REFERENCES `proveedor` (`idproveedor`),
  CONSTRAINT `fk_idxProTipoMas` FOREIGN KEY (`idtipomascota`) REFERENCES `tipomascota` (`idtipomascota`)
) ENGINE=InnoDB AUTO_INCREMENT=22 DEFAULT CHARSET=utf8 COLLATE=utf8_unicode_ci;
/*!40101 SET character_set_client = @saved_cs_client */;

--
-- Dumping data for table `producto`
--

LOCK TABLES `producto` WRITE;
/*!40000 ALTER TABLE `producto` DISABLE KEYS */;
INSERT INTO `producto` VALUES (1,'Ricocan Adultos Cordero y Cereales - 154 kg',79.5,0,'asdsad',1,1,1,1,'lkajdslkajsdlkjaskd','<p>ljalksdjlaksjdlkasjdlkajsdlkjaslkdjalskdjlaksd</p>\n','activado','https://miproyecto.s3.us-east-2.amazonaws.com/PRODUCTO1-1.jpeg','https://miproyecto.s3.us-east-2.amazonaws.com/PRODUCTO1-2.jpeg','https://miproyecto.s3.us-east-2.amazonaws.com/PRODUCTO1-3.jpeg'),(2,'Ricocan Original - Adultos todas las razas - 15 kg',90,115,'asdsad',1,1,1,1,'Adultos todas las razas - 15 Kg','<p>lasdlkajsdkjasjlkdjasldjlasjldasdasd,asdahsd</p>\n','activado','https://miproyecto.s3.us-east-2.amazonaws.com/PRODUCTO2-1.jpeg','https://miproyecto.s3.us-east-2.amazonaws.com/PRODUCTO2-2.jpeg','https://miproyecto.s3.us-east-2.amazonaws.com/PRODUCTO2-3.jpeg'),(3,'Ricocan Cachorro Carne y Leche - Razas medianas y grandes - 15 kg',90,118,'asdsad',1,1,1,1,'Razas medianas y grandes - 15 kg','<p>lasdlkajsdkjasjlkdjasldjlasjldasdasd,asdahsd</p>\n','activado','https://miproyecto.s3.us-east-2.amazonaws.com/PRODUCTO3-1.jpeg','https://miproyecto.s3.us-east-2.amazonaws.com/PRODUCTO3-2.jpeg','https://miproyecto.s3.us-east-2.amazonaws.com/PRODUCTO3-3.jpeg'),(4,'Purina Proplan Cordero y Arroz con Cachorro 15 Kg',295,120,'asdsad',1,1,1,1,'Cachorro 15.4 Kg','<p>lasdlkajsdkjasjlkdjasldjlasjldasdasd,asdahsd</p>\n','activado','https://miproyecto.s3.us-east-2.amazonaws.com/PRODUCTO4-1.jpeg','https://miproyecto.s3.us-east-2.amazonaws.com/PRODUCTO4-2.jpeg','https://miproyecto.s3.us-east-2.amazonaws.com/PRODUCTO4-3.jpeg'),(5,'Purina Proplan Cordero y Arroz con Adulto 15-9 Kg',280,120,'asdsad',1,1,1,1,'Adulto 15.9 Kg','<p>lasdlkajsdkjasjlkdjasldjlasjldasdasd,asdahsd</p>\n','activado','https://miproyecto.s3.us-east-2.amazonaws.com/PRODUCTO5-1.jpeg','https://miproyecto.s3.us-east-2.amazonaws.com/PRODUCTO5-2.jpeg','https://miproyecto.s3.us-east-2.amazonaws.com/PRODUCTO5-3.jpeg'),(6,'Mimaskot Cachorro - Todas las razas -15 Kg',78,120,'asdsad',1,1,1,1,'Todas las razas -15 Kg','<p>lasdlkajsdkjasjlkdjasldjlasjldasdasd,asdahsd</p>\n','activado','https://miproyecto.s3.us-east-2.amazonaws.com/PRODUCTO6-1.jpeg','https://miproyecto.s3.us-east-2.amazonaws.com/PRODUCTO6-2.jpeg','https://miproyecto.s3.us-east-2.amazonaws.com/PRODUCTO6-3.jpeg'),(7,'Mimaskot Adulto Pollo y Cereales - 15 Kg',78,120,'asdsad',1,1,1,1,'Adulto Pollo y Cereales - 15 Kg','<p>lasdlkajsdkjasjlkdjasldjlasjldasdasd,asdahsd</p>\n','activado','https://miproyecto.s3.us-east-2.amazonaws.com/PRODUCTO7-1.jpeg','https://miproyecto.s3.us-east-2.amazonaws.com/PRODUCTO7-2.jpeg','https://miproyecto.s3.us-east-2.amazonaws.com/PRODUCTO7-3.jpeg'),(8,'Mimaskot Adulto Carne Cereales y Vegetales - 15 Kg',78,120,'asdsad',1,1,1,1,'Adulto Carne, Cereales y Vegetales - 15 Kg','<p>lasdlkajsdkjasjlkdjasldjlasjldasdasd,asdahsd</p>\n','activado','https://miproyecto.s3.us-east-2.amazonaws.com/PRODUCTO8-1.jpeg','https://miproyecto.s3.us-east-2.amazonaws.com/PRODUCTO8-2.jpeg','https://miproyecto.s3.us-east-2.amazonaws.com/PRODUCTO8-3.jpeg'),(9,'Hueso de carnaza de 2 - 3 (pulgadas)',8,120,'asdsad',1,1,1,1,'Hueso de carnaza de 2 - 3 (pulgadas)','<p>lasdlkajsdkjasjlkdjasldjlasjldasdasd,asdahsd</p>\n','activado','https://miproyecto.s3.us-east-2.amazonaws.com/PRODUCTO9-1.jpeg','https://miproyecto.s3.us-east-2.amazonaws.com/PRODUCTO9-2.jpeg','https://miproyecto.s3.us-east-2.amazonaws.com/PRODUCTO9-3.jpeg'),(10,'Canbo Cachorro razas pequenias de Cordero y Arroz - Super Premium - 7 kg',99,120,'asdsad',1,1,1,1,'Super Premium - 7 kg','<p>lasdlkajsdkjasjlkdjasldjlasjldasdasd,asdahsd</p>\n','activado','https://miproyecto.s3.us-east-2.amazonaws.com/PRODUCTO10-1.jpeg','https://miproyecto.s3.us-east-2.amazonaws.com/PRODUCTO10-2.jpeg','https://miproyecto.s3.us-east-2.amazonaws.com/PRODUCTO10-3.jpeg'),(11,'Canbo Cachorro de Cordero y Arroz - Super Premium - 15 kg',190,120,'asdsad',1,1,1,1,'Super Premium - 15 kg','<p>lasdlkajsdkjasjlkdjasldjlasjldasdasd,asdahsd</p>\n','activado','https://miproyecto.s3.us-east-2.amazonaws.com/PRODUCTO11-1.jpeg','https://miproyecto.s3.us-east-2.amazonaws.com/PRODUCTO11-2.jpeg','https://miproyecto.s3.us-east-2.amazonaws.com/PRODUCTO11-3.jpeg'),(12,'Canbo Adulto de Cordero y Arroz - Super Premium - 15 kg',185,120,'asdsad',1,1,1,1,'Super Premium - 15 kg','<p>lasdlkajsdkjasjlkdjasldjlasjldasdasd,asdahsd</p>\n','activado','https://miproyecto.s3.us-east-2.amazonaws.com/PRODUCTO12-1.jpeg','https://miproyecto.s3.us-east-2.amazonaws.com/PRODUCTO12-2.jpeg','https://miproyecto.s3.us-east-2.amazonaws.com/PRODUCTO12-3.jpeg'),(14,'Ricocat Esterilizados - Adultos - 9kg',89,120,'AG000153',10,1,1,1,'Fortalece las defensas naturales La acción conjunta de prebióticos, multivitaminas y antioxidantes refuerza su sistema inmunológico','<p><strong>Caracter&iacute;sticas del Producto:</strong></p>\n\n<ul>\n	<li>Etapa Comida para Gatos: &nbsp; Adulto.</li>\n	<li>Tipo Comida para Gatos: &nbsp; Seca.</li>\n	<li>Marca Producto: &nbsp; RICOCAT.</li>\n	<li>Tipo de Producto: &nbsp; Bien F&iacute;sico.</li>\n	<li>Largo del Producto: &nbsp; 57.</li>\n	<li>Alto del Producto: &nbsp; 11.</li>\n	<li>Ancho del Producto: &nbsp; 37.</li>\n	<li>Largo del Paquete: &nbsp; 57.</li>\n	<li>Alto del Paquete: &nbsp; 11.</li>\n	<li>Ancho del Paquete: &nbsp; 37.</li>\n	<li>Peso del Paquete: &nbsp; 9.</li>\n</ul>\n\n<p><strong>Caracter&iacute;sticas Destacadas :</strong></p>\n\n<ol>\n	<li>Ricocat Esterilizados es un alimento premium, 100% completo y balanceado y elaborado bajo los est&aacute;ndares exigidos por la AAFCO. Cubre las necesidades nutricionales de la mascota con una mezcla equilibrada de ingredientes.&nbsp;</li>\n	<li>Esta presentaci&oacute;n esta especialmente formulada para gatos adultos esterilizados de todas las razas.&nbsp;</li>\n	<li>Su f&oacute;rmula &quot;Balance ideal&quot; ofrece un equilibrio de fibras naturales y bajo contenido de grasa, para ayudar al mantenimiento de un peso ideal, adem&aacute;s de minerales org&aacute;nicos, antioxidantes, acidificantes, taurina, omega 3 y 6, prote&iacute;nas y multivitaminas.</li>\n</ol>\n','activado','https://miproyecto.s3.us-east-2.amazonaws.com/PRODUCTO14-1.jpeg','https://miproyecto.s3.us-east-2.amazonaws.com/PRODUCTO14-2.jpeg','https://miproyecto.s3.us-east-2.amazonaws.com/PRODUCTO14-3.jpeg'),(15,'Ricocat de Carne, Pescado y Leche - Gatitos - 15kg',100,120,'asdsad',10,1,1,1,'123123123123123','<p>Holakjhasdkjhaksdhkaskdasd,asj<strong>dkhaksdasd</strong><br />\nasdlhjasjdkkajshdklakdjslkajdlasd,asd.adkahsdkjhadsa</p>\n\n<ol>\n	<li>asdjkhaskda</li>\n	<li>kjahsdkjahsd</li>\n	<li>adjhaksdjhkasd</li>\n	<li>ajahdkjahskdad</li>\n</ol>\n','activado','https://miproyecto.s3.us-east-2.amazonaws.com/PRODUCTO15-1.jpeg','https://miproyecto.s3.us-east-2.amazonaws.com/PRODUCTO15-2.jpeg','https://miproyecto.s3.us-east-2.amazonaws.com/PRODUCTO15-3.jpeg'),(16,'Ricocat de Sardina y Trucha - Adultos - 15kg',100,120,'asdsad',10,1,1,1,'La Acupuntura Veterinaria actúa complementando en conjunto a diversas especialidades de la profesión, viendo al individuo como un todo.','<p>asdasdasd</p>\n\n<ol>\n	<li>asdasdasdasdasdjhaskdjhaskdjhkasdhkasdasd</li>\n	<li>a&ntilde;sdjlkasjdasd\n	<ul>\n		<li>akjshdkjkaksd</li>\n		<li>asdasdasd</li>\n	</ul>\n	</li>\n	<li>asdasdasd</li>\n</ol>\n\n<p>asdasdasd&nbsp;</p>\n','activado','https://miproyecto.s3.us-east-2.amazonaws.com/PRODUCTO16-1.jpeg','https://miproyecto.s3.us-east-2.amazonaws.com/PRODUCTO16-2.jpeg','https://miproyecto.s3.us-east-2.amazonaws.com/PRODUCTO16-3.jpeg'),(17,'Cama Invierno Carnero - Manada Azul',56,20,'MD004718',5,1,3,1,'asdasdasdasdasdasdasdq3123','<ul>\n	<li>Cama abrigadora y&nbsp;resistente para perros de todas las razas.</li>\n	<li>Color&nbsp;azul.&nbsp;</li>\n</ul>\n','activado','https://miproyecto.s3.us-east-2.amazonaws.com/PRODUCTO17-1.jpeg','https://miproyecto.s3.us-east-2.amazonaws.com/PRODUCTO17-2.jpeg','https://miproyecto.s3.us-east-2.amazonaws.com/PRODUCTO17-3.jpeg'),(18,'Cama Invierno Carnero - Manada Celeste',56,25,'MD004719',5,1,3,1,'Cama abrigadora y resistente para perros de todas las razas.','<ul>\n	<li>\n	<p><strong>ZOOMBA MANADA CARNERO</strong>, ofrece un &oacute;ptimo espacio de relajo y descanso placentero &ldquo;Libre de pegamentos con solvente qu&iacute;mico&rdquo;. Cuenta con una estructurada con espuma Para&iacute;so de alta densidad, con extra-altos bordes laterales de apoyo y forma proporcionalmente ovalada, garantizan la indeformabilidad del producto y facilita la adaptaci&oacute;n del cuerpo de la mascota a la forma natural de anidaci&oacute;n.</p>\n\n	<p>La funda externa provee colores c&aacute;lidos y est&aacute; confeccionada con material de sint&eacute;tico de piel de carnero que evita el fr&iacute;o.</p>\n\n	<p><strong>Caracter&iacute;sticas y beneficios:</strong></p>\n	</li>\n	<li>Mantiene e cuerpo caliente, seco y confortable.</li>\n	<li>Cobertura sint&eacute;tica de piel de carnero.</li>\n	<li><strong>Bordes Extra-altos de apoyo:</strong>&nbsp;Necesario para soporte de cabeza. Alta memoria de retorno.</li>\n	<li><strong>Funda durable:</strong>&nbsp;Resistente y lavable.</li>\n	<li><strong>Material PVC inferior:</strong>&nbsp;Antideslizante y repelente de humedad.</li>\n	<li><strong>Cierre inferior:</strong>&nbsp;para desmontaje de funda y f&aacute;cil lavado.</li>\n	<li><strong>Temporada de uso:</strong>&nbsp;Perfecta para el invierno.</li>\n	<li>De f&aacute;cil mantenimiento.</li>\n	<li>\n	<p><strong>Las ventajas de este producto son:&nbsp;</strong></p>\n	</li>\n	<li><strong>Construcci&oacute;n ovalada:</strong>&nbsp;Ideal para mascotas que duerman enroscados.</li>\n	<li>\n	<p><strong>Medidas:</strong>&nbsp;</p>\n	</li>\n	<li>Talla 2, largo (48cm) x ancho (34cm) x alto (16cm).</li>\n	<li>Talla 3, largo (65cm) x ancho (50cm) x alto (20cm).</li>\n	<li>Talla 4, largo (75cm) x ancho (60cm) x alto (20cm).</li>\n	<li>Talla 5, largo (85cm) x ancho (70cm) x alto (20cm).</li>\n	<li>Talla 6, largo (100cm) x ancho (80cm) x alto (20cm).</li>\n</ul>\n','activado','https://miproyecto.s3.us-east-2.amazonaws.com/PRODUCTO18-1.jpeg','https://miproyecto.s3.us-east-2.amazonaws.com/PRODUCTO18-2.jpeg','https://miproyecto.s3.us-east-2.amazonaws.com/PRODUCTO18-3.jpeg'),(19,'Cama Invierno Carnero - Manada Rojo',56,24,'MD004721',1,1,3,1,'Cama abrigadora y resistente para perros de todas las razas.','<p><strong>ZOOMBA MANADA CARNERO</strong>, ofrece un &oacute;ptimo espacio de relajo y descanso placentero &ldquo;Libre de pegamentos con solvente qu&iacute;mico&rdquo;. Cuenta con una estructurada con espuma Para&iacute;so de alta densidad, con extra-altos bordes laterales de apoyo y forma proporcionalmente ovalada, garantizan la indeformabilidad del producto y facilita la adaptaci&oacute;n del cuerpo de la mascota a la forma natural de anidaci&oacute;n.</p>\n\n<p>La funda externa provee colores c&aacute;lidos y est&aacute; confeccionada con material de sint&eacute;tico de piel de carnero que evita el fr&iacute;o.</p>\n\n<p><strong>Caracter&iacute;sticas y beneficios:</strong></p>\n\n<ul>\n	<li>Mantiene e cuerpo caliente, seco y confortable.</li>\n	<li>Cobertura sint&eacute;tica de piel de carnero.</li>\n	<li><strong>Bordes Extra-altos de apoyo:</strong>&nbsp;Necesario para soporte de cabeza. Alta memoria de retorno.</li>\n	<li><strong>Funda durable:</strong>&nbsp;Resistente y lavable.</li>\n	<li><strong>Material PVC inferior:</strong>&nbsp;Antideslizante y repelente de humedad.</li>\n	<li><strong>Cierre inferior:</strong>&nbsp;para desmontaje de funda y f&aacute;cil lavado.</li>\n	<li><strong>Temporada de uso:</strong>&nbsp;Perfecta para el invierno.</li>\n	<li>De f&aacute;cil mantenimiento.</li>\n</ul>\n\n<p><strong>Las ventajas de este producto son:&nbsp;</strong></p>\n\n<ul>\n	<li><strong>Construcci&oacute;n ovalada:</strong>&nbsp;Ideal para mascotas que duerman enroscados.</li>\n</ul>\n\n<p><strong>Medidas:</strong>&nbsp;</p>\n\n<ul>\n	<li>Talla 2, largo (48cm) x ancho (34cm) x alto (16cm).</li>\n	<li>Talla 3, largo (65cm) x ancho (50cm) x alto (20cm).</li>\n	<li>Talla 4, largo (75cm) x ancho (60cm) x alto (20cm).</li>\n	<li>Talla 5, largo (85cm) x ancho (70cm) x alto (20cm).</li>\n	<li>Talla 6, largo (100cm) x ancho (80cm) x alto (20cm).</li>\n</ul>\n','activado','https://miproyecto.s3.us-east-2.amazonaws.com/PRODUCTO19-1.jpeg','https://miproyecto.s3.us-east-2.amazonaws.com/PRODUCTO19-2.jpeg','https://miproyecto.s3.us-east-2.amazonaws.com/PRODUCTO19-3.jpeg'),(20,'Chaleco Arcoiris de taslan acolchado',46.9,24,'MD004397',1,1,5,1,'Comida Nutritiva','<p>9182739812798371293871298379182739812793</p>\n','activado','https://miproyecto.s3.us-east-2.amazonaws.com/PRODUCTO20-1.jpeg','https://miproyecto.s3.us-east-2.amazonaws.com/PRODUCTO20-2.jpeg','https://miproyecto.s3.us-east-2.amazonaws.com/PRODUCTO20-3.jpeg'),(21,'Polo azul con diseño de estrellas - Talla 1',39.5,200,'MD004259',1,1,5,1,'peoqiwpoeiqwpoeipqowe','<p>172398719283718237981273982179387129837123</p>\n','activado','https://miproyecto.s3.us-east-2.amazonaws.com/PRODUCTO21-1.jpeg','https://miproyecto.s3.us-east-2.amazonaws.com/PRODUCTO21-2.jpeg','https://miproyecto.s3.us-east-2.amazonaws.com/PRODUCTO21-3.jpeg');
/*!40000 ALTER TABLE `producto` ENABLE KEYS */;
UNLOCK TABLES;

--
-- Table structure for table `proveedor`
--

DROP TABLE IF EXISTS `proveedor`;
/*!40101 SET @saved_cs_client     = @@character_set_client */;
 SET character_set_client = utf8mb4 ;
CREATE TABLE `proveedor` (
  `idproveedor` int(11) NOT NULL AUTO_INCREMENT,
  `razonsocial` varchar(100) CHARACTER SET utf8 COLLATE utf8_unicode_ci DEFAULT NULL,
  `ruc` char(11) CHARACTER SET utf8 COLLATE utf8_unicode_ci DEFAULT NULL,
  `direccion` varchar(100) CHARACTER SET utf8 COLLATE utf8_unicode_ci DEFAULT NULL,
  `telefono` char(7) CHARACTER SET utf8 COLLATE utf8_unicode_ci DEFAULT NULL,
  `celular` char(9) CHARACTER SET utf8 COLLATE utf8_unicode_ci DEFAULT NULL,
  `contacto` varchar(100) CHARACTER SET utf8 COLLATE utf8_unicode_ci DEFAULT NULL,
  `idubigeo` int(11) DEFAULT NULL,
  PRIMARY KEY (`idproveedor`),
  KEY `fk_idxProvUbi_idx` (`idubigeo`),
  CONSTRAINT `fk_idxProvUbi` FOREIGN KEY (`idubigeo`) REFERENCES `ubigeo` (`idUbigeo`)
) ENGINE=InnoDB AUTO_INCREMENT=2 DEFAULT CHARSET=utf8 COLLATE=utf8_unicode_ci;
/*!40101 SET character_set_client = @saved_cs_client */;

--
-- Dumping data for table `proveedor`
--

LOCK TABLES `proveedor` WRITE;
/*!40000 ALTER TABLE `proveedor` DISABLE KEYS */;
INSERT INTO `proveedor` VALUES (1,'adsasdasdasd','11111111111','asdasdadasd','1234567','123456789','kahdkjhsdasd',24123);
/*!40000 ALTER TABLE `proveedor` ENABLE KEYS */;
UNLOCK TABLES;

--
-- Table structure for table `reserva`
--

DROP TABLE IF EXISTS `reserva`;
/*!40101 SET @saved_cs_client     = @@character_set_client */;
 SET character_set_client = utf8mb4 ;
CREATE TABLE `reserva` (
  `idreserva` int(11) NOT NULL AUTO_INCREMENT,
  `fecha` varchar(45) DEFAULT NULL,
  `horario` varchar(45) DEFAULT NULL,
  `estado` varchar(45) DEFAULT NULL,
  `idcliente` int(11) DEFAULT NULL,
  `idservicio` int(11) DEFAULT NULL,
  `idmascota` int(11) DEFAULT NULL,
  PRIMARY KEY (`idreserva`),
  KEY `fk_idxResCli_idx` (`idcliente`),
  KEY `fk_idxResSer_idx` (`idservicio`),
  KEY `fk_idxResMas_idx` (`idmascota`),
  CONSTRAINT `fk_idxResCli` FOREIGN KEY (`idcliente`) REFERENCES `cliente` (`idcliente`),
  CONSTRAINT `fk_idxResMas` FOREIGN KEY (`idmascota`) REFERENCES `mascota` (`idmascota`),
  CONSTRAINT `fk_idxResSer` FOREIGN KEY (`idservicio`) REFERENCES `servicio` (`idservicio`)
) ENGINE=InnoDB AUTO_INCREMENT=6 DEFAULT CHARSET=utf8;
/*!40101 SET character_set_client = @saved_cs_client */;

--
-- Dumping data for table `reserva`
--

LOCK TABLES `reserva` WRITE;
/*!40000 ALTER TABLE `reserva` DISABLE KEYS */;
INSERT INTO `reserva` VALUES (1,'2021-06-01','11:00','realizado',1,6,1),(2,'2021-06-08','12:00','pendiente de pago',1,6,2),(3,'2021-06-11','13:00','pendiente de pago',1,5,2),(4,'2021-06-16','14:00','pendiente de pago',1,1,1),(5,'2021-07-08','14:00','realizado',1,2,2);
/*!40000 ALTER TABLE `reserva` ENABLE KEYS */;
UNLOCK TABLES;

--
-- Table structure for table `servicio`
--

DROP TABLE IF EXISTS `servicio`;
/*!40101 SET @saved_cs_client     = @@character_set_client */;
 SET character_set_client = utf8mb4 ;
CREATE TABLE `servicio` (
  `idservicio` int(11) NOT NULL AUTO_INCREMENT,
  `nombre` varchar(45) CHARACTER SET utf8 COLLATE utf8_general_ci DEFAULT NULL,
  `precio` double DEFAULT NULL,
  `descripcion` varchar(10000) CHARACTER SET utf8 COLLATE utf8_general_ci DEFAULT NULL,
  `dia` varchar(45) CHARACTER SET utf8 COLLATE utf8_general_ci DEFAULT NULL,
  `estado` varchar(45) CHARACTER SET utf8 COLLATE utf8_unicode_ci DEFAULT NULL,
  `imagen` varchar(150) CHARACTER SET utf8 COLLATE utf8_unicode_ci DEFAULT NULL,
  PRIMARY KEY (`idservicio`)
) ENGINE=InnoDB AUTO_INCREMENT=7 DEFAULT CHARSET=utf8 COLLATE=utf8_unicode_ci;
/*!40101 SET character_set_client = @saved_cs_client */;

--
-- Dumping data for table `servicio`
--

LOCK TABLES `servicio` WRITE;
/*!40000 ALTER TABLE `servicio` DISABLE KEYS */;
INSERT INTO `servicio` VALUES (1,'Acupuntura',150,'La Acupuntura Veterinaria actúa complementando en conjunto a diversas especialidades de la profesión, viendo al individuo como un todo.','Miércoles','activado','https://miproyecto.s3.us-east-2.amazonaws.com/SERVICIO1.jpeg'),(2,'Oftalmología',80,'asdasdasdasdasdasdasd','Jueves','activado','https://miproyecto.s3.us-east-2.amazonaws.com/SERVICIO2.jpeg'),(3,'Anestesia',100,'La Acupuntura Veterinaria actúa complementando en conjunto a diversas especialidades de la profesión, viendo al individuo como un todo.','Martes','activado','https://miproyecto.s3.us-east-2.amazonaws.com/SERVICIO3.jpeg'),(4,'Neurología',100,'La Acupuntura Veterinaria actúa complementando en conjunto a diversas especialidades de la profesión, viendo al individuo como un todo.','Miércoles','activado','https://miproyecto.s3.us-east-2.amazonaws.com/SERVICIO4.jpeg'),(5,'Odontología',100.5,'La Acupuntura Veterinaria actúa complementando en conjunto a diversas especialidades de la profesión, viendo al individuo como un todo.','Viernes','activado','https://miproyecto.s3.us-east-2.amazonaws.com/SERVICIO5.jpeg'),(6,'Ortopedia',100.04,'La Acupuntura Veterinaria actúa complementando en conjunto a diversas especialidades de la profesión, viendo al individuo como un todo.','Martes','activado','https://miproyecto.s3.us-east-2.amazonaws.com/SERVICIO6.jpeg');
/*!40000 ALTER TABLE `servicio` ENABLE KEYS */;
UNLOCK TABLES;

--
-- Table structure for table `tipomascota`
--

DROP TABLE IF EXISTS `tipomascota`;
/*!40101 SET @saved_cs_client     = @@character_set_client */;
 SET character_set_client = utf8mb4 ;
CREATE TABLE `tipomascota` (
  `idtipomascota` int(11) NOT NULL AUTO_INCREMENT,
  `nombre` varchar(45) CHARACTER SET utf8 COLLATE utf8_unicode_ci NOT NULL,
  PRIMARY KEY (`idtipomascota`)
) ENGINE=InnoDB AUTO_INCREMENT=3 DEFAULT CHARSET=utf8 COLLATE=utf8_unicode_ci;
/*!40101 SET character_set_client = @saved_cs_client */;

--
-- Dumping data for table `tipomascota`
--

LOCK TABLES `tipomascota` WRITE;
/*!40000 ALTER TABLE `tipomascota` DISABLE KEYS */;
INSERT INTO `tipomascota` VALUES (1,'Perro'),(2,'Gato');
/*!40000 ALTER TABLE `tipomascota` ENABLE KEYS */;
UNLOCK TABLES;

--
-- Table structure for table `trabajador`
--

DROP TABLE IF EXISTS `trabajador`;
/*!40101 SET @saved_cs_client     = @@character_set_client */;
 SET character_set_client = utf8mb4 ;
CREATE TABLE `trabajador` (
  `idtrabajador` int(11) NOT NULL AUTO_INCREMENT,
  `nombre` varchar(45) DEFAULT NULL,
  `apellido` varchar(45) DEFAULT NULL,
  `dni` char(8) DEFAULT NULL,
  `celular` char(9) DEFAULT NULL,
  `idusuario` int(11) DEFAULT NULL,
  PRIMARY KEY (`idtrabajador`),
  KEY `fk_idxTraUsu_idx` (`idusuario`),
  CONSTRAINT `fk_idxTraUsu` FOREIGN KEY (`idusuario`) REFERENCES `usuario` (`idusuario`)
) ENGINE=InnoDB AUTO_INCREMENT=3 DEFAULT CHARSET=utf8;
/*!40101 SET character_set_client = @saved_cs_client */;

--
-- Dumping data for table `trabajador`
--

LOCK TABLES `trabajador` WRITE;
/*!40000 ALTER TABLE `trabajador` DISABLE KEYS */;
INSERT INTO `trabajador` VALUES (1,'Alexis Manuel','Mondragon Perea','98765484','984658885',2),(2,'Kevin Robert Marshall','Medina Enriquez','12345648','969184185',3);
/*!40000 ALTER TABLE `trabajador` ENABLE KEYS */;
UNLOCK TABLES;

--
-- Table structure for table `ubigeo`
--

DROP TABLE IF EXISTS `ubigeo`;
/*!40101 SET @saved_cs_client     = @@character_set_client */;
 SET character_set_client = utf8mb4 ;
CREATE TABLE `ubigeo` (
  `idUbigeo` int(11) NOT NULL AUTO_INCREMENT,
  `departamento` varchar(45) DEFAULT NULL,
  `provincia` varchar(45) DEFAULT NULL,
  `distrito` varchar(45) DEFAULT NULL,
  PRIMARY KEY (`idUbigeo`)
) ENGINE=InnoDB AUTO_INCREMENT=179022214 DEFAULT CHARSET=utf8;
/*!40101 SET character_set_client = @saved_cs_client */;

--
-- Dumping data for table `ubigeo`
--

LOCK TABLES `ubigeo` WRITE;
/*!40000 ALTER TABLE `ubigeo` DISABLE KEYS */;
INSERT INTO `ubigeo` VALUES (1111,'AMAZONAS','CHACHAPOYAS','CHACHAPOYAS'),(2112,'AMAZONAS','CHACHAPOYAS','ASUNCION'),(3113,'AMAZONAS','CHACHAPOYAS','BALSAS'),(4114,'AMAZONAS','CHACHAPOYAS','CHETO'),(5115,'AMAZONAS','CHACHAPOYAS','CHILIQUIN'),(6116,'AMAZONAS','CHACHAPOYAS','CHUQUIBAMBA'),(7117,'AMAZONAS','CHACHAPOYAS','GRANADA'),(8118,'AMAZONAS','CHACHAPOYAS','HUANCAS'),(9119,'AMAZONAS','CHACHAPOYAS','LA JALCA'),(22121,'AMAZONAS','BAGUA','LA PECA'),(23122,'AMAZONAS','BAGUA','ARAMANGO'),(24123,'AMAZONAS','BAGUA','COPALLIN'),(25124,'AMAZONAS','BAGUA','EL PARCO'),(26126,'AMAZONAS','BAGUA','IMAZA'),(27131,'AMAZONAS','BONGARA','JUMBILLA'),(28132,'AMAZONAS','BONGARA','COROSHA'),(29133,'AMAZONAS','BONGARA','CUISPES'),(30134,'AMAZONAS','BONGARA','CHISQUILLA'),(31135,'AMAZONAS','BONGARA','CHURUJA'),(32136,'AMAZONAS','BONGARA','FLORIDA'),(33137,'AMAZONAS','BONGARA','RECTA'),(34138,'AMAZONAS','BONGARA','SAN CARLOS'),(35139,'AMAZONAS','BONGARA','SHIPASBAMBA'),(39141,'AMAZONAS','LUYA','LAMUD'),(40142,'AMAZONAS','LUYA','CAMPORREDONDO'),(41143,'AMAZONAS','LUYA','COCABAMBA'),(42144,'AMAZONAS','LUYA','COLCAMAR'),(43145,'AMAZONAS','LUYA','CONILA'),(44146,'AMAZONAS','LUYA','INGUILPATA'),(45147,'AMAZONAS','LUYA','LONGUITA'),(46148,'AMAZONAS','LUYA','LONYA CHICO'),(47149,'AMAZONAS','LUYA','LUYA'),(62151,'AMAZONAS','RODRIGUEZ DE MENDOZA','SAN NICOLAS'),(63152,'AMAZONAS','RODRIGUEZ DE MENDOZA','COCHAMAL'),(64153,'AMAZONAS','RODRIGUEZ DE MENDOZA','CHIRIMOTO'),(65154,'AMAZONAS','RODRIGUEZ DE MENDOZA','HUAMBO'),(66155,'AMAZONAS','RODRIGUEZ DE MENDOZA','LIMABAMBA'),(67156,'AMAZONAS','RODRIGUEZ DE MENDOZA','LONGAR'),(68157,'AMAZONAS','RODRIGUEZ DE MENDOZA','MILPUC'),(69158,'AMAZONAS','RODRIGUEZ DE MENDOZA','MCAL BENAVIDES'),(70159,'AMAZONAS','RODRIGUEZ DE MENDOZA','OMIA'),(74161,'AMAZONAS','CONDORCANQUI','NIEVA'),(75162,'AMAZONAS','CONDORCANQUI','RIO SANTIAGO'),(76163,'AMAZONAS','CONDORCANQUI','EL CENEPA'),(77171,'AMAZONAS','UTCUBAMBA','BAGUA GRANDE'),(78172,'AMAZONAS','UTCUBAMBA','CAJARURO'),(79173,'AMAZONAS','UTCUBAMBA','CUMBA'),(80174,'AMAZONAS','UTCUBAMBA','EL MILAGRO'),(81175,'AMAZONAS','UTCUBAMBA','JAMALCA'),(82176,'AMAZONAS','UTCUBAMBA','LONYA GRANDE'),(83177,'AMAZONAS','UTCUBAMBA','YAMON'),(84211,'ANCASH','HUARAZ','HUARAZ'),(85212,'ANCASH','HUARAZ','INDEPENDENCIA'),(86213,'ANCASH','HUARAZ','COCHABAMBA'),(87214,'ANCASH','HUARAZ','COLCABAMBA'),(88215,'ANCASH','HUARAZ','HUANCHAY'),(89216,'ANCASH','HUARAZ','JANGAS'),(90217,'ANCASH','HUARAZ','LA LIBERTAD'),(91218,'ANCASH','HUARAZ','OLLEROS'),(92219,'ANCASH','HUARAZ','PAMPAS'),(96221,'ANCASH','AIJA','AIJA'),(97223,'ANCASH','AIJA','CORIS'),(98225,'ANCASH','AIJA','HUACLLAN'),(99226,'ANCASH','AIJA','LA MERCED'),(100228,'ANCASH','AIJA','SUCCHA'),(101110,'AMAZONAS','CHACHAPOYAS','LEIMEBAMBA'),(101231,'ANCASH','BOLOGNESI','CHIQUIAN'),(102232,'ANCASH','BOLOGNESI','A PARDO LEZAMETA'),(103234,'ANCASH','BOLOGNESI','AQUIA'),(104235,'ANCASH','BOLOGNESI','CAJACAY'),(111111,'AMAZONAS','CHACHAPOYAS','LEVANTO'),(116241,'ANCASH','CARHUAZ','CARHUAZ'),(117242,'ANCASH','CARHUAZ','ACOPAMPA'),(118243,'ANCASH','CARHUAZ','AMASHCA'),(119244,'ANCASH','CARHUAZ','ANTA'),(120245,'ANCASH','CARHUAZ','ATAQUERO'),(121112,'AMAZONAS','CHACHAPOYAS','MAGDALENA'),(121246,'ANCASH','CARHUAZ','MARCARA'),(122247,'ANCASH','CARHUAZ','PARIAHUANCA'),(123248,'ANCASH','CARHUAZ','SAN MIGUEL DE ACO'),(124249,'ANCASH','CARHUAZ','SHILLA'),(127251,'ANCASH','CASMA','CASMA'),(128252,'ANCASH','CASMA','BUENA VISTA ALTA'),(129253,'ANCASH','CASMA','COMANDANTE NOEL'),(130255,'ANCASH','CASMA','YAUTAN'),(131113,'AMAZONAS','CHACHAPOYAS','MARISCAL CASTILLA'),(131261,'ANCASH','CORONGO','CORONGO'),(132262,'ANCASH','CORONGO','ACO'),(133263,'ANCASH','CORONGO','BAMBAS'),(134264,'ANCASH','CORONGO','CUSCA'),(135265,'ANCASH','CORONGO','LA PAMPA'),(136266,'ANCASH','CORONGO','YANAC'),(137267,'ANCASH','CORONGO','YUPAN'),(138271,'ANCASH','HUAYLAS','CARAZ'),(139272,'ANCASH','HUAYLAS','HUALLANCA'),(140273,'ANCASH','HUAYLAS','HUATA'),(141114,'AMAZONAS','CHACHAPOYAS','MOLINOPAMPA'),(141274,'ANCASH','HUAYLAS','HUAYLAS'),(142275,'ANCASH','HUAYLAS','MATO'),(143276,'ANCASH','HUAYLAS','PAMPAROMAS'),(144277,'ANCASH','HUAYLAS','PUEBLO LIBRE'),(145278,'ANCASH','HUAYLAS','SANTA CRUZ'),(146279,'ANCASH','HUAYLAS','YURACMARCA'),(148281,'ANCASH','HUARI','HUARI'),(149282,'ANCASH','HUARI','CAJAY'),(150283,'ANCASH','HUARI','CHAVIN DE HUANTAR'),(151115,'AMAZONAS','CHACHAPOYAS','MONTEVIDEO'),(151284,'ANCASH','HUARI','HUACACHI'),(152285,'ANCASH','HUARI','HUACHIS'),(153286,'ANCASH','HUARI','HUACCHIS'),(154287,'ANCASH','HUARI','HUANTAR'),(155288,'ANCASH','HUARI','MASIN'),(156289,'ANCASH','HUARI','PAUCAS'),(161116,'AMAZONAS','CHACHAPOYAS','OLLEROS'),(164291,'ANCASH','MARISCAL LUZURIAGA','PISCOBAMBA'),(165292,'ANCASH','MARISCAL LUZURIAGA','CASCA'),(166293,'ANCASH','MARISCAL LUZURIAGA','LUCMA'),(167294,'ANCASH','MARISCAL LUZURIAGA','FIDEL OLIVAS ESCUDERO'),(168295,'ANCASH','MARISCAL LUZURIAGA','LLAMA'),(169296,'ANCASH','MARISCAL LUZURIAGA','LLUMPA'),(170297,'ANCASH','MARISCAL LUZURIAGA','MUSGA'),(171117,'AMAZONAS','CHACHAPOYAS','QUINJALCA'),(171298,'ANCASH','MARISCAL LUZURIAGA','ELEAZAR GUZMAN BARRON'),(181118,'AMAZONAS','CHACHAPOYAS','SAN FCO DE DAGUAS'),(191119,'AMAZONAS','CHACHAPOYAS','SAN ISIDRO DE MAINO'),(201120,'AMAZONAS','CHACHAPOYAS','SOLOCO'),(211121,'AMAZONAS','CHACHAPOYAS','SONCHE'),(250311,'APURIMAC','ABANCAY','ABANCAY'),(251312,'APURIMAC','ABANCAY','CIRCA'),(252313,'APURIMAC','ABANCAY','CURAHUASI'),(253314,'APURIMAC','ABANCAY','CHACOCHE'),(254315,'APURIMAC','ABANCAY','HUANIPACA'),(255316,'APURIMAC','ABANCAY','LAMBRAMA'),(256317,'APURIMAC','ABANCAY','PICHIRHUA'),(257318,'APURIMAC','ABANCAY','SAN PEDRO DE CACHORA'),(258319,'APURIMAC','ABANCAY','TAMBURCO'),(259321,'APURIMAC','AYMARAES','CHALHUANCA'),(260322,'APURIMAC','AYMARAES','CAPAYA'),(261323,'APURIMAC','AYMARAES','CARAYBAMBA'),(262324,'APURIMAC','AYMARAES','COLCABAMBA'),(263325,'APURIMAC','AYMARAES','COTARUSE'),(264326,'APURIMAC','AYMARAES','CHAPIMARCA'),(265327,'APURIMAC','AYMARAES','IHUAYLLO'),(266328,'APURIMAC','AYMARAES','LUCRE'),(267329,'APURIMAC','AYMARAES','POCOHUANCA'),(276331,'APURIMAC','ANDAHUAYLAS','ANDAHUAYLAS'),(277332,'APURIMAC','ANDAHUAYLAS','ANDARAPA'),(278333,'APURIMAC','ANDAHUAYLAS','CHIARA'),(279334,'APURIMAC','ANDAHUAYLAS','HUANCARAMA'),(280335,'APURIMAC','ANDAHUAYLAS','HUANCARAY'),(281336,'APURIMAC','ANDAHUAYLAS','KISHUARA'),(282337,'APURIMAC','ANDAHUAYLAS','PACOBAMBA'),(283338,'APURIMAC','ANDAHUAYLAS','PAMPACHIRI'),(284339,'APURIMAC','ANDAHUAYLAS','SAN ANTONIO DE CACHI'),(295341,'APURIMAC','ANTABAMBA','ANTABAMBA'),(296342,'APURIMAC','ANTABAMBA','EL ORO'),(297343,'APURIMAC','ANTABAMBA','HUAQUIRCA'),(298344,'APURIMAC','ANTABAMBA','JUAN ESPINOZA MEDRANO'),(299345,'APURIMAC','ANTABAMBA','OROPESA'),(300346,'APURIMAC','ANTABAMBA','PACHACONAS'),(301347,'APURIMAC','ANTABAMBA','SABAINO'),(302351,'APURIMAC','COTABAMBAS','TAMBOBAMBA'),(303352,'APURIMAC','COTABAMBAS','COYLLURQUI'),(304353,'APURIMAC','COTABAMBAS','COTABAMBAS'),(305354,'APURIMAC','COTABAMBAS','HAQUIRA'),(306355,'APURIMAC','COTABAMBAS','MARA'),(307356,'APURIMAC','COTABAMBAS','CHALLHUAHUACHO'),(308361,'APURIMAC','GRAU','CHUQUIBAMBILLA'),(309362,'APURIMAC','GRAU','CURPAHUASI'),(310363,'APURIMAC','GRAU','HUAILLATI'),(311364,'APURIMAC','GRAU','MAMARA'),(312365,'APURIMAC','GRAU','MARISCAL GAMARRA'),(313366,'APURIMAC','GRAU','MICAELA BASTIDAS'),(314367,'APURIMAC','GRAU','PROGRESO'),(315368,'APURIMAC','GRAU','PATAYPAMPA'),(316369,'APURIMAC','GRAU','SAN ANTONIO'),(322371,'APURIMAC','CHINCHEROS','CHINCHEROS'),(323372,'APURIMAC','CHINCHEROS','ONGOY'),(324373,'APURIMAC','CHINCHEROS','OCOBAMBA'),(325374,'APURIMAC','CHINCHEROS','COCHARCAS'),(326375,'APURIMAC','CHINCHEROS','ANCO HUALLO'),(327376,'APURIMAC','CHINCHEROS','HUACCANA'),(328377,'APURIMAC','CHINCHEROS','URANMARCA'),(329378,'APURIMAC','CHINCHEROS','RANRACANCHA'),(330411,'AREQUIPA','AREQUIPA','AREQUIPA'),(331412,'AREQUIPA','AREQUIPA','CAYMA'),(332413,'AREQUIPA','AREQUIPA','CERRO COLORADO'),(333414,'AREQUIPA','AREQUIPA','CHARACATO'),(334415,'AREQUIPA','AREQUIPA','CHIGUATA'),(335416,'AREQUIPA','AREQUIPA','LA JOYA'),(336417,'AREQUIPA','AREQUIPA','MIRAFLORES'),(337418,'AREQUIPA','AREQUIPA','MOLLEBAYA'),(338419,'AREQUIPA','AREQUIPA','PAUCARPATA'),(359421,'AREQUIPA','CAYLLOMA','CHIVAY'),(360422,'AREQUIPA','CAYLLOMA','ACHOMA'),(361310,'AMAZONAS','BONGARA','VALERA'),(361423,'AREQUIPA','CAYLLOMA','CABANACONDE'),(362424,'AREQUIPA','CAYLLOMA','CAYLLOMA'),(363425,'AREQUIPA','CAYLLOMA','CALLALLI'),(364426,'AREQUIPA','CAYLLOMA','COPORAQUE'),(365427,'AREQUIPA','CAYLLOMA','HUAMBO'),(366428,'AREQUIPA','CAYLLOMA','HUANCA'),(367429,'AREQUIPA','CAYLLOMA','ICHUPAMPA'),(371311,'AMAZONAS','BONGARA','YAMBRASBAMBA'),(379431,'AREQUIPA','CAMANA','CAMANA'),(380432,'AREQUIPA','CAMANA','JOSE MARIA QUIMPER'),(381312,'AMAZONAS','BONGARA','JAZAN'),(381433,'AREQUIPA','CAMANA','MARIANO N VALCARCEL'),(382434,'AREQUIPA','CAMANA','MARISCAL CACERES'),(383435,'AREQUIPA','CAMANA','NICOLAS DE PIEROLA'),(384436,'AREQUIPA','CAMANA','OCOÐA'),(385437,'AREQUIPA','CAMANA','QUILCA'),(386438,'AREQUIPA','CAMANA','SAMUEL PASTOR'),(387441,'AREQUIPA','CARAVELI','CARAVELI'),(388442,'AREQUIPA','CARAVELI','ACARI'),(389443,'AREQUIPA','CARAVELI','ATICO'),(390444,'AREQUIPA','CARAVELI','ATIQUIPA'),(391445,'AREQUIPA','CARAVELI','BELLA UNION'),(392446,'AREQUIPA','CARAVELI','CAHUACHO'),(393447,'AREQUIPA','CARAVELI','CHALA'),(394448,'AREQUIPA','CARAVELI','CHAPARRA'),(395449,'AREQUIPA','CARAVELI','HUANUHUANU'),(400451,'AREQUIPA','CASTILLA','APLAO'),(401452,'AREQUIPA','CASTILLA','ANDAGUA'),(402453,'AREQUIPA','CASTILLA','AYO'),(403454,'AREQUIPA','CASTILLA','CHACHAS'),(404455,'AREQUIPA','CASTILLA','CHILCAYMARCA'),(405456,'AREQUIPA','CASTILLA','CHOCO'),(406457,'AREQUIPA','CASTILLA','HUANCARQUI'),(407458,'AREQUIPA','CASTILLA','MACHAGUAY'),(408459,'AREQUIPA','CASTILLA','ORCOPAMPA'),(414461,'AREQUIPA','CONDESUYOS','CHUQUIBAMBA'),(415462,'AREQUIPA','CONDESUYOS','ANDARAY'),(416463,'AREQUIPA','CONDESUYOS','CAYARANI'),(417464,'AREQUIPA','CONDESUYOS','CHICHAS'),(418465,'AREQUIPA','CONDESUYOS','IRAY'),(419466,'AREQUIPA','CONDESUYOS','SALAMANCA'),(420467,'AREQUIPA','CONDESUYOS','YANAQUIHUA'),(421468,'AREQUIPA','CONDESUYOS','RIO GRANDE'),(422471,'AREQUIPA','ISLAY','MOLLENDO'),(423472,'AREQUIPA','ISLAY','COCACHACRA'),(424473,'AREQUIPA','ISLAY','DEAN VALDIVIA'),(425474,'AREQUIPA','ISLAY','ISLAY'),(426475,'AREQUIPA','ISLAY','MEJIA'),(427476,'AREQUIPA','ISLAY','PUNTA DE BOMBON'),(428481,'AREQUIPA','LA UNION','COTAHUASI'),(429482,'AREQUIPA','LA UNION','ALCA'),(430483,'AREQUIPA','LA UNION','CHARCANA'),(431484,'AREQUIPA','LA UNION','HUAYNACOTAS'),(432485,'AREQUIPA','LA UNION','PAMPAMARCA'),(433486,'AREQUIPA','LA UNION','PUYCA'),(434487,'AREQUIPA','LA UNION','QUECHUALLA'),(435488,'AREQUIPA','LA UNION','SAYLA'),(436489,'AREQUIPA','LA UNION','TAURIA'),(439511,'AYACUCHO','HUAMANGA','AYACUCHO'),(440512,'AYACUCHO','HUAMANGA','ACOS VINCHOS'),(441513,'AYACUCHO','HUAMANGA','CARMEN ALTO'),(442514,'AYACUCHO','HUAMANGA','CHIARA'),(443515,'AYACUCHO','HUAMANGA','QUINUA'),(444516,'AYACUCHO','HUAMANGA','SAN JOSE DE TICLLAS'),(445517,'AYACUCHO','HUAMANGA','SAN JUAN BAUTISTA'),(446518,'AYACUCHO','HUAMANGA','SANTIAGO DE PISCHA'),(447519,'AYACUCHO','HUAMANGA','VINCHOS'),(454521,'AYACUCHO','CANGALLO','CANGALLO'),(455524,'AYACUCHO','CANGALLO','CHUSCHI'),(456526,'AYACUCHO','CANGALLO','LOS MOROCHUCOS'),(457527,'AYACUCHO','CANGALLO','PARAS'),(458528,'AYACUCHO','CANGALLO','TOTOS'),(460531,'AYACUCHO','HUANTA','HUANTA'),(461532,'AYACUCHO','HUANTA','AYAHUANCO'),(462533,'AYACUCHO','HUANTA','HUAMANGUILLA'),(463534,'AYACUCHO','HUANTA','IGUAIN'),(464535,'AYACUCHO','HUANTA','LURICOCHA'),(465537,'AYACUCHO','HUANTA','SANTILLANA'),(466538,'AYACUCHO','HUANTA','SIVIA'),(467539,'AYACUCHO','HUANTA','LLOCHEGUA'),(468541,'AYACUCHO','LA MAR','SAN MIGUEL'),(469542,'AYACUCHO','LA MAR','ANCO'),(470543,'AYACUCHO','LA MAR','AYNA'),(471544,'AYACUCHO','LA MAR','CHILCAS'),(472545,'AYACUCHO','LA MAR','CHUNGUI'),(473546,'AYACUCHO','LA MAR','TAMBO'),(474547,'AYACUCHO','LA MAR','LUIS CARRANZA'),(475548,'AYACUCHO','LA MAR','SANTA ROSA'),(476551,'AYACUCHO','LUCANAS','PUQUIO'),(477552,'AYACUCHO','LUCANAS','AUCARA'),(478553,'AYACUCHO','LUCANAS','CABANA'),(479554,'AYACUCHO','LUCANAS','CARMEN SALCEDO'),(480556,'AYACUCHO','LUCANAS','CHAVIÐA'),(481410,'AMAZONAS','LUYA','LUYA VIEJO'),(481558,'AYACUCHO','LUCANAS','CHIPAO'),(491411,'AMAZONAS','LUYA','MARIA'),(497561,'AYACUCHO','PARINACOCHAS','CORACORA'),(498564,'AYACUCHO','PARINACOCHAS','CORONEL CASTAÐEDA'),(499565,'AYACUCHO','PARINACOCHAS','CHUMPI'),(500568,'AYACUCHO','PARINACOCHAS','PACAPAUSA'),(501412,'AMAZONAS','LUYA','OCALLI'),(505571,'AYACUCHO','VICTOR FAJARDO','HUANCAPI'),(506572,'AYACUCHO','VICTOR FAJARDO','ALCAMENCA'),(507573,'AYACUCHO','VICTOR FAJARDO','APONGO'),(508574,'AYACUCHO','VICTOR FAJARDO','CANARIA'),(509576,'AYACUCHO','VICTOR FAJARDO','CAYARA'),(510577,'AYACUCHO','VICTOR FAJARDO','COLCA'),(511413,'AMAZONAS','LUYA','OCUMAL'),(511578,'AYACUCHO','VICTOR FAJARDO','HUAYA'),(512579,'AYACUCHO','VICTOR FAJARDO','HUAMANQUIQUIA'),(517581,'AYACUCHO','HUANCA SANCOS','SANCOS'),(518582,'AYACUCHO','HUANCA SANCOS','SACSAMARCA'),(519583,'AYACUCHO','HUANCA SANCOS','SANTIAGO DE LUCANAMARCA'),(520584,'AYACUCHO','HUANCA SANCOS','CARAPO'),(521414,'AMAZONAS','LUYA','PISUQUIA'),(521591,'AYACUCHO','VILCAS HUAMAN','VILCAS HUAMAN'),(522592,'AYACUCHO','VILCAS HUAMAN','VISCHONGO'),(523593,'AYACUCHO','VILCAS HUAMAN','ACCOMARCA'),(524594,'AYACUCHO','VILCAS HUAMAN','CARHUANCA'),(525595,'AYACUCHO','VILCAS HUAMAN','CONCEPCION'),(526596,'AYACUCHO','VILCAS HUAMAN','HUAMBALPA'),(527597,'AYACUCHO','VILCAS HUAMAN','SAURAMA'),(528598,'AYACUCHO','VILCAS HUAMAN','INDEPENDENCIA'),(531415,'AMAZONAS','LUYA','SAN CRISTOBAL'),(541416,'AMAZONAS','LUYA','SAN FRANCISCO DE YESO'),(550611,'CAJAMARCA','CAJAMARCA','CAJAMARCA'),(551417,'AMAZONAS','LUYA','SAN JERONIMO'),(551612,'CAJAMARCA','CAJAMARCA','ASUNCION'),(552613,'CAJAMARCA','CAJAMARCA','COSPAN'),(553614,'CAJAMARCA','CAJAMARCA','CHETILLA'),(554615,'CAJAMARCA','CAJAMARCA','ENCAÐADA'),(555616,'CAJAMARCA','CAJAMARCA','JESUS'),(556617,'CAJAMARCA','CAJAMARCA','LOS BAÐOS DEL INCA'),(557618,'CAJAMARCA','CAJAMARCA','LLACANORA'),(558619,'CAJAMARCA','CAJAMARCA','MAGDALENA'),(561418,'AMAZONAS','LUYA','SAN JUAN DE LOPECANCHA'),(562621,'CAJAMARCA','CAJABAMBA','CAJABAMBA'),(563622,'CAJAMARCA','CAJABAMBA','CACHACHI'),(564623,'CAJAMARCA','CAJABAMBA','CONDEBAMBA'),(565625,'CAJAMARCA','CAJABAMBA','SITACOCHA'),(566631,'CAJAMARCA','CELENDIN','CELENDIN'),(567632,'CAJAMARCA','CELENDIN','CORTEGANA'),(568633,'CAJAMARCA','CELENDIN','CHUMUCH'),(569634,'CAJAMARCA','CELENDIN','HUASMIN'),(570635,'CAJAMARCA','CELENDIN','JORGE CHAVEZ'),(571419,'AMAZONAS','LUYA','SANTA CATALINA'),(571636,'CAJAMARCA','CELENDIN','JOSE GALVEZ'),(572637,'CAJAMARCA','CELENDIN','MIGUEL IGLESIAS'),(573638,'CAJAMARCA','CELENDIN','OXAMARCA'),(574639,'CAJAMARCA','CELENDIN','SOROCHUCO'),(578641,'CAJAMARCA','CONTUMAZA','CONTUMAZA'),(579643,'CAJAMARCA','CONTUMAZA','CHILETE'),(580644,'CAJAMARCA','CONTUMAZA','GUZMANGO'),(581420,'AMAZONAS','LUYA','SANTO TOMAS'),(581645,'CAJAMARCA','CONTUMAZA','SAN BENITO'),(582646,'CAJAMARCA','CONTUMAZA','CUPISNIQUE'),(583647,'CAJAMARCA','CONTUMAZA','TANTARICA'),(584648,'CAJAMARCA','CONTUMAZA','YONAN'),(585649,'CAJAMARCA','CONTUMAZA','STA CRUZ DE TOLEDO'),(586651,'CAJAMARCA','CUTERVO','CUTERVO'),(587652,'CAJAMARCA','CUTERVO','CALLAYUC'),(588653,'CAJAMARCA','CUTERVO','CUJILLO'),(589654,'CAJAMARCA','CUTERVO','CHOROS'),(590655,'CAJAMARCA','CUTERVO','LA RAMADA'),(591421,'AMAZONAS','LUYA','TINGO'),(591656,'CAJAMARCA','CUTERVO','PIMPINGOS'),(592657,'CAJAMARCA','CUTERVO','QUEROCOTILLO'),(593658,'CAJAMARCA','CUTERVO','SAN ANDRES DE CUTERVO'),(594659,'CAJAMARCA','CUTERVO','SAN JUAN DE CUTERVO'),(601422,'AMAZONAS','LUYA','TRITA'),(601661,'CAJAMARCA','CHOTA','CHOTA'),(602662,'CAJAMARCA','CHOTA','ANGUIA'),(603663,'CAJAMARCA','CHOTA','COCHABAMBA'),(604664,'CAJAMARCA','CHOTA','CONCHAN'),(605665,'CAJAMARCA','CHOTA','CHADIN'),(606666,'CAJAMARCA','CHOTA','CHIGUIRIP'),(607667,'CAJAMARCA','CHOTA','CHIMBAN'),(608668,'CAJAMARCA','CHOTA','HUAMBOS'),(609669,'CAJAMARCA','CHOTA','LAJAS'),(611423,'AMAZONAS','LUYA','PROVIDENCIA'),(620671,'CAJAMARCA','HUALGAYOC','BAMBAMARCA'),(621672,'CAJAMARCA','HUALGAYOC','CHUGUR'),(622673,'CAJAMARCA','HUALGAYOC','HUALGAYOC'),(623681,'CAJAMARCA','JAEN','JAEN'),(624682,'CAJAMARCA','JAEN','BELLAVISTA'),(625683,'CAJAMARCA','JAEN','COLASAY'),(626684,'CAJAMARCA','JAEN','CHONTALI'),(627685,'CAJAMARCA','JAEN','POMAHUACA'),(628686,'CAJAMARCA','JAEN','PUCARA'),(629687,'CAJAMARCA','JAEN','SALLIQUE'),(630688,'CAJAMARCA','JAEN','SAN FELIPE'),(631689,'CAJAMARCA','JAEN','SAN JOSE DEL ALTO'),(635691,'CAJAMARCA','SANTA CRUZ','SANTA CRUZ'),(636692,'CAJAMARCA','SANTA CRUZ','CATACHE'),(637693,'CAJAMARCA','SANTA CRUZ','CHANCAIBAÐOS'),(638694,'CAJAMARCA','SANTA CRUZ','LA ESPERANZA'),(639695,'CAJAMARCA','SANTA CRUZ','NINABAMBA'),(640696,'CAJAMARCA','SANTA CRUZ','PULAN'),(641697,'CAJAMARCA','SANTA CRUZ','SEXI'),(642698,'CAJAMARCA','SANTA CRUZ','UTICYACU'),(643699,'CAJAMARCA','SANTA CRUZ','YAUYUCAN'),(677711,'CUSCO','CUSCO','CUSCO'),(678712,'CUSCO','CUSCO','CCORCA'),(679713,'CUSCO','CUSCO','POROY'),(680714,'CUSCO','CUSCO','SAN JERONIMO'),(681715,'CUSCO','CUSCO','SAN SEBASTIAN'),(682716,'CUSCO','CUSCO','SANTIAGO'),(683717,'CUSCO','CUSCO','SAYLLA'),(684718,'CUSCO','CUSCO','WANCHAQ'),(685721,'CUSCO','ACOMAYO','ACOMAYO'),(686722,'CUSCO','ACOMAYO','ACOPIA'),(687723,'CUSCO','ACOMAYO','ACOS'),(688724,'CUSCO','ACOMAYO','POMACANCHI'),(689725,'CUSCO','ACOMAYO','RONDOCAN'),(690726,'CUSCO','ACOMAYO','SANGARARA'),(691727,'CUSCO','ACOMAYO','MOSOC LLACTA'),(692731,'CUSCO','ANTA','ANTA'),(693732,'CUSCO','ANTA','CHINCHAYPUJIO'),(694733,'CUSCO','ANTA','HUAROCONDO'),(695734,'CUSCO','ANTA','LIMATAMBO'),(696735,'CUSCO','ANTA','MOLLEPATA'),(697736,'CUSCO','ANTA','PUCYURA'),(698737,'CUSCO','ANTA','ZURITE'),(699738,'CUSCO','ANTA','CACHIMAYO'),(700739,'CUSCO','ANTA','ANCAHUASI'),(701741,'CUSCO','CALCA','CALCA'),(702742,'CUSCO','CALCA','COYA'),(703743,'CUSCO','CALCA','LAMAY'),(704744,'CUSCO','CALCA','LARES'),(705745,'CUSCO','CALCA','PISAC'),(706746,'CUSCO','CALCA','SAN SALVADOR'),(707747,'CUSCO','CALCA','TARAY'),(708748,'CUSCO','CALCA','YANATILE'),(709751,'CUSCO','CANAS','YANAOCA'),(710752,'CUSCO','CANAS','CHECCA'),(711510,'AMAZONAS','RODRIGUEZ DE MENDOZA','SANTA ROSA'),(711753,'CUSCO','CANAS','KUNTURKANKI'),(712754,'CUSCO','CANAS','LANGUI'),(713755,'CUSCO','CANAS','LAYO'),(714756,'CUSCO','CANAS','PAMPAMARCA'),(715757,'CUSCO','CANAS','QUEHUE'),(716758,'CUSCO','CANAS','TUPAC AMARU'),(717761,'CUSCO','CANCHIS','SICUANI'),(718762,'CUSCO','CANCHIS','COMBAPATA'),(719763,'CUSCO','CANCHIS','CHECACUPE'),(720764,'CUSCO','CANCHIS','MARANGANI'),(721511,'AMAZONAS','RODRIGUEZ DE MENDOZA','TOTORA'),(721765,'CUSCO','CANCHIS','PITUMARCA'),(722766,'CUSCO','CANCHIS','SAN PABLO'),(723767,'CUSCO','CANCHIS','SAN PEDRO'),(724768,'CUSCO','CANCHIS','TINTA'),(725771,'CUSCO','CHUMBIVILCAS','SANTO TOMAS'),(726772,'CUSCO','CHUMBIVILCAS','CAPACMARCA'),(727773,'CUSCO','CHUMBIVILCAS','COLQUEMARCA'),(728774,'CUSCO','CHUMBIVILCAS','CHAMACA'),(729775,'CUSCO','CHUMBIVILCAS','LIVITACA'),(730776,'CUSCO','CHUMBIVILCAS','LLUSCO'),(731512,'AMAZONAS','RODRIGUEZ DE MENDOZA','VISTA ALEGRE'),(731777,'CUSCO','CHUMBIVILCAS','QUIÐOTA'),(732778,'CUSCO','CHUMBIVILCAS','VELILLE'),(733781,'CUSCO','ESPINAR','ESPINAR'),(734782,'CUSCO','ESPINAR','CONDOROMA'),(735783,'CUSCO','ESPINAR','COPORAQUE'),(736784,'CUSCO','ESPINAR','OCORURO'),(737785,'CUSCO','ESPINAR','PALLPATA'),(738786,'CUSCO','ESPINAR','PICHIGUA'),(739787,'CUSCO','ESPINAR','SUYKUTAMBO'),(740788,'CUSCO','ESPINAR','ALTO PICHIGUA'),(741791,'CUSCO','LA CONVENCION','SANTA ANA'),(742792,'CUSCO','LA CONVENCION','ECHARATE'),(743793,'CUSCO','LA CONVENCION','HUAYOPATA'),(744794,'CUSCO','LA CONVENCION','MARANURA'),(745795,'CUSCO','LA CONVENCION','OCOBAMBA'),(746796,'CUSCO','LA CONVENCION','SANTA TERESA'),(747797,'CUSCO','LA CONVENCION','VILCABAMBA'),(748798,'CUSCO','LA CONVENCION','QUELLOUNO'),(749799,'CUSCO','LA CONVENCION','KIMBIRI'),(785811,'HUANCAVELICA','HUANCAVELICA','HUANCAVELICA'),(786812,'HUANCAVELICA','HUANCAVELICA','ACOBAMBILLA'),(787813,'HUANCAVELICA','HUANCAVELICA','ACORIA'),(788814,'HUANCAVELICA','HUANCAVELICA','CONAYCA'),(789815,'HUANCAVELICA','HUANCAVELICA','CUENCA'),(790816,'HUANCAVELICA','HUANCAVELICA','HUACHOCOLPA'),(791818,'HUANCAVELICA','HUANCAVELICA','HUAYLLAHUARA'),(792819,'HUANCAVELICA','HUANCAVELICA','IZCUCHACA'),(804821,'HUANCAVELICA','ACOBAMBA','ACOBAMBA'),(805822,'HUANCAVELICA','ACOBAMBA','ANTA'),(806823,'HUANCAVELICA','ACOBAMBA','ANDABAMBA'),(807824,'HUANCAVELICA','ACOBAMBA','CAJA'),(808825,'HUANCAVELICA','ACOBAMBA','MARCAS'),(809826,'HUANCAVELICA','ACOBAMBA','PAUCARA'),(810827,'HUANCAVELICA','ACOBAMBA','POMACOCHA'),(811828,'HUANCAVELICA','ACOBAMBA','ROSARIO'),(812831,'HUANCAVELICA','ANGARAES','LIRCAY'),(813832,'HUANCAVELICA','ANGARAES','ANCHONGA'),(814833,'HUANCAVELICA','ANGARAES','CALLANMARCA'),(815834,'HUANCAVELICA','ANGARAES','CONGALLA'),(816835,'HUANCAVELICA','ANGARAES','CHINCHO'),(817836,'HUANCAVELICA','ANGARAES','HUAYLLAY GRANDE'),(818837,'HUANCAVELICA','ANGARAES','HUANCA HUANCA'),(819838,'HUANCAVELICA','ANGARAES','JULCAMARCA'),(820839,'HUANCAVELICA','ANGARAES','SAN ANTONIO DE ANTAPARCO'),(824841,'HUANCAVELICA','CASTROVIRREYNA','CASTROVIRREYNA'),(825842,'HUANCAVELICA','CASTROVIRREYNA','ARMA'),(826843,'HUANCAVELICA','CASTROVIRREYNA','AURAHUA'),(827845,'HUANCAVELICA','CASTROVIRREYNA','CAPILLAS'),(828846,'HUANCAVELICA','CASTROVIRREYNA','COCAS'),(829848,'HUANCAVELICA','CASTROVIRREYNA','CHUPAMARCA'),(830849,'HUANCAVELICA','CASTROVIRREYNA','HUACHOS'),(837851,'HUANCAVELICA','TAYACAJA','PAMPAS'),(838852,'HUANCAVELICA','TAYACAJA','ACOSTAMBO'),(839853,'HUANCAVELICA','TAYACAJA','ACRAQUIA'),(840854,'HUANCAVELICA','TAYACAJA','AHUAYCHA'),(841856,'HUANCAVELICA','TAYACAJA','COLCABAMBA'),(842859,'HUANCAVELICA','TAYACAJA','DANIEL HERNANDEZ'),(853861,'HUANCAVELICA','HUAYTARA','AYAVI'),(854862,'HUANCAVELICA','HUAYTARA','CORDOVA'),(855863,'HUANCAVELICA','HUAYTARA','HUAYACUNDO ARMA'),(856864,'HUANCAVELICA','HUAYTARA','HUAYTARA'),(857865,'HUANCAVELICA','HUAYTARA','LARAMARCA'),(858866,'HUANCAVELICA','HUAYTARA','OCOYO'),(859867,'HUANCAVELICA','HUAYTARA','PILPICHACA'),(860868,'HUANCAVELICA','HUAYTARA','QUERCO'),(861869,'HUANCAVELICA','HUAYTARA','QUITO ARMA'),(869871,'HUANCAVELICA','CHURCAMPA','CHURCAMPA'),(870872,'HUANCAVELICA','CHURCAMPA','ANCO'),(871873,'HUANCAVELICA','CHURCAMPA','CHINCHIHUASI'),(872874,'HUANCAVELICA','CHURCAMPA','EL CARMEN'),(873875,'HUANCAVELICA','CHURCAMPA','LA MERCED'),(874876,'HUANCAVELICA','CHURCAMPA','LOCROJA'),(875877,'HUANCAVELICA','CHURCAMPA','PAUCARBAMBA'),(876878,'HUANCAVELICA','CHURCAMPA','SAN MIGUEL DE MAYOC'),(877879,'HUANCAVELICA','CHURCAMPA','SAN PEDRO DE CORIS'),(879911,'HUANUCO','HUANUCO','HUANUCO'),(880912,'HUANUCO','HUANUCO','CHINCHAO'),(881913,'HUANUCO','HUANUCO','CHURUBAMBA'),(882914,'HUANUCO','HUANUCO','MARGOS'),(883915,'HUANUCO','HUANUCO','QUISQUI'),(884916,'HUANUCO','HUANUCO','SAN FCO DE CAYRAN'),(885917,'HUANUCO','HUANUCO','SAN PEDRO DE CHAULAN'),(886918,'HUANUCO','HUANUCO','STA MARIA DEL VALLE'),(887919,'HUANUCO','HUANUCO','YARUMAYO'),(890921,'HUANUCO','AMBO','AMBO'),(891922,'HUANUCO','AMBO','CAYNA'),(892923,'HUANUCO','AMBO','COLPAS'),(893924,'HUANUCO','AMBO','CONCHAMARCA'),(894925,'HUANUCO','AMBO','HUACAR'),(895926,'HUANUCO','AMBO','SAN FRANCISCO'),(896927,'HUANUCO','AMBO','SAN RAFAEL'),(897928,'HUANUCO','AMBO','TOMAY KICHWA'),(898931,'HUANUCO','DOS DE MAYO','LA UNION'),(899937,'HUANUCO','DOS DE MAYO','CHUQUIS'),(907941,'HUANUCO','HUAMALIES','LLATA'),(908942,'HUANUCO','HUAMALIES','ARANCAY'),(909943,'HUANUCO','HUAMALIES','CHAVIN DE PARIARCA'),(910944,'HUANUCO','HUAMALIES','JACAS GRANDE'),(911945,'HUANUCO','HUAMALIES','JIRCAN'),(912946,'HUANUCO','HUAMALIES','MIRAFLORES'),(913947,'HUANUCO','HUAMALIES','MONZON'),(914948,'HUANUCO','HUAMALIES','PUNCHAO'),(915949,'HUANUCO','HUAMALIES','PUÐOS'),(918951,'HUANUCO','MARAÐON','HUACRACHUCO'),(919952,'HUANUCO','MARAÐON','CHOLON'),(920955,'HUANUCO','MARAÐON','SAN BUENAVENTURA'),(921961,'HUANUCO','LEONCIO PRADO','RUPA RUPA'),(922962,'HUANUCO','LEONCIO PRADO','DANIEL ALOMIA ROBLES'),(923963,'HUANUCO','LEONCIO PRADO','HERMILIO VALDIZAN'),(924964,'HUANUCO','LEONCIO PRADO','LUYANDO'),(925965,'HUANUCO','LEONCIO PRADO','MARIANO DAMASO BERAUN'),(926966,'HUANUCO','LEONCIO PRADO','JOSE CRESPO Y CASTILLO'),(927971,'HUANUCO','PACHITEA','PANAO'),(928972,'HUANUCO','PACHITEA','CHAGLLA'),(929974,'HUANUCO','PACHITEA','MOLINO'),(930976,'HUANUCO','PACHITEA','UMARI'),(931981,'HUANUCO','PUERTO INCA','HONORIA'),(932110,'ANCASH','HUARAZ','PARIACOTO'),(932982,'HUANUCO','PUERTO INCA','PUERTO INCA'),(933983,'HUANUCO','PUERTO INCA','CODO DEL POZUZO'),(934984,'HUANUCO','PUERTO INCA','TOURNAVISTA'),(935985,'HUANUCO','PUERTO INCA','YUYAPICHIS'),(936991,'HUANUCO','HUACAYBAMBA','HUACAYBAMBA'),(937992,'HUANUCO','HUACAYBAMBA','PINRA'),(938993,'HUANUCO','HUACAYBAMBA','CANCHABAMBA'),(939994,'HUANUCO','HUACAYBAMBA','COCHABAMBA'),(942111,'ANCASH','HUARAZ','PIRA'),(952112,'ANCASH','HUARAZ','TARICA'),(1052310,'ANCASH','BOLOGNESI','HUAYLLACAYAN'),(1062311,'ANCASH','BOLOGNESI','HUASTA'),(1072313,'ANCASH','BOLOGNESI','MANGAS'),(1082315,'ANCASH','BOLOGNESI','PACLLON'),(1092317,'ANCASH','BOLOGNESI','SAN MIGUEL DE CORPANQUI'),(1102320,'ANCASH','BOLOGNESI','TICLLOS'),(1112321,'ANCASH','BOLOGNESI','ANTONIO RAIMONDI'),(1122322,'ANCASH','BOLOGNESI','CANIS'),(1132323,'ANCASH','BOLOGNESI','COLQUIOC'),(1142324,'ANCASH','BOLOGNESI','LA PRIMAVERA'),(1152325,'ANCASH','BOLOGNESI','HUALLANCA'),(1252410,'ANCASH','CARHUAZ','TINCO'),(1262411,'ANCASH','CARHUAZ','YUNGAR'),(1472710,'ANCASH','HUAYLAS','SANTO TORIBIO'),(1572810,'ANCASH','HUARI','PONTO'),(1582811,'ANCASH','HUARI','RAHUAPAMPA'),(1592812,'ANCASH','HUARI','RAPAYAN'),(1602813,'ANCASH','HUARI','SAN MARCOS'),(1612814,'ANCASH','HUARI','SAN PEDRO DE CHANA'),(1622815,'ANCASH','HUARI','UCO'),(1632816,'ANCASH','HUARI','ANRA'),(1722101,'ANCASH','PALLASCA','CABANA'),(1732102,'ANCASH','PALLASCA','BOLOGNESI'),(1742103,'ANCASH','PALLASCA','CONCHUCOS'),(1752104,'ANCASH','PALLASCA','HUACASCHUQUE'),(1762105,'ANCASH','PALLASCA','HUANDOVAL'),(1772106,'ANCASH','PALLASCA','LACABAMBA'),(1782107,'ANCASH','PALLASCA','LLAPO'),(1792108,'ANCASH','PALLASCA','PALLASCA'),(1802109,'ANCASH','PALLASCA','PAMPAS'),(1832111,'ANCASH','POMABAMBA','POMABAMBA'),(1834125,'AMAZONAS','BAGUA','BAGUA'),(1842112,'ANCASH','POMABAMBA','HUAYLLAN'),(1852113,'ANCASH','POMABAMBA','PAROBAMBA'),(1862114,'ANCASH','POMABAMBA','QUINUABAMBA'),(1872121,'ANCASH','RECUAY','RECUAY'),(1882122,'ANCASH','RECUAY','COTAPARACO'),(1892123,'ANCASH','RECUAY','HUAYLLAPAMPA'),(1902124,'ANCASH','RECUAY','MARCA'),(1912125,'ANCASH','RECUAY','PAMPAS CHICO'),(1922126,'ANCASH','RECUAY','PARARIN'),(1932127,'ANCASH','RECUAY','TAPACOCHA'),(1942128,'ANCASH','RECUAY','TICAPAMPA'),(1952129,'ANCASH','RECUAY','LLACLLIN'),(1972131,'ANCASH','SANTA','CHIMBOTE'),(1982132,'ANCASH','SANTA','CACERES DEL PERU'),(1992133,'ANCASH','SANTA','MACATE'),(2002134,'ANCASH','SANTA','MORO'),(2012135,'ANCASH','SANTA','NEPEÐA'),(2022136,'ANCASH','SANTA','SAMANCO'),(2032137,'ANCASH','SANTA','SANTA'),(2042138,'ANCASH','SANTA','COISHCO'),(2052139,'ANCASH','SANTA','NUEVO CHIMBOTE'),(2062141,'ANCASH','SIHUAS','SIHUAS'),(2072142,'ANCASH','SIHUAS','ALFONSO UGARTE'),(2082143,'ANCASH','SIHUAS','CHINGALPO'),(2092144,'ANCASH','SIHUAS','HUAYLLABAMBA'),(2102145,'ANCASH','SIHUAS','QUICHES'),(2112146,'ANCASH','SIHUAS','SICSIBAMBA'),(2122147,'ANCASH','SIHUAS','ACOBAMBA'),(2132148,'ANCASH','SIHUAS','CASHAPAMPA'),(2142149,'ANCASH','SIHUAS','RAGASH'),(2162151,'ANCASH','YUNGAY','YUNGAY'),(2172152,'ANCASH','YUNGAY','CASCAPARA'),(2182153,'ANCASH','YUNGAY','MANCOS'),(2192154,'ANCASH','YUNGAY','MATACOTO'),(2202155,'ANCASH','YUNGAY','QUILLO'),(2212156,'ANCASH','YUNGAY','RANRAHIRCA'),(2222157,'ANCASH','YUNGAY','SHUPLUY'),(2232158,'ANCASH','YUNGAY','YANAMA'),(2242161,'ANCASH','ANTONIO RAIMONDI','LLAMELLIN'),(2252162,'ANCASH','ANTONIO RAIMONDI','ACZO'),(2262163,'ANCASH','ANTONIO RAIMONDI','CHACCHO'),(2272164,'ANCASH','ANTONIO RAIMONDI','CHINGAS'),(2282165,'ANCASH','ANTONIO RAIMONDI','MIRGAS'),(2292166,'ANCASH','ANTONIO RAIMONDI','SAN JUAN DE RONTOY'),(2302171,'ANCASH','CARLOS FERMIN FITZCARRALD','SAN LUIS'),(2312172,'ANCASH','CARLOS FERMIN FITZCARRALD','YAUYA'),(2322173,'ANCASH','CARLOS FERMIN FITZCARRALD','SAN NICOLAS'),(2332181,'ANCASH','ASUNCION','CHACAS'),(2342182,'ANCASH','ASUNCION','ACOCHACA'),(2352191,'ANCASH','HUARMEY','HUARMEY'),(2362192,'ANCASH','HUARMEY','COCHAPETI'),(2372193,'ANCASH','HUARMEY','HUAYAN'),(2382194,'ANCASH','HUARMEY','MALVAS'),(2392195,'ANCASH','HUARMEY','CULEBRAS'),(2402201,'ANCASH','OCROS','ACAS'),(2412202,'ANCASH','OCROS','CAJAMARQUILLA'),(2422203,'ANCASH','OCROS','CARHUAPAMPA'),(2432204,'ANCASH','OCROS','COCHAS'),(2442205,'ANCASH','OCROS','CONGAS'),(2452206,'ANCASH','OCROS','LLIPA'),(2462207,'ANCASH','OCROS','OCROS'),(2472208,'ANCASH','OCROS','SAN CRISTOBAL DE RAJAN'),(2482209,'ANCASH','OCROS','SAN PEDRO'),(2683210,'APURIMAC','AYMARAES','SAÐAICA'),(2693211,'APURIMAC','AYMARAES','SORAYA'),(2703212,'APURIMAC','AYMARAES','TAPAIRIHUA'),(2713213,'APURIMAC','AYMARAES','TINTAY'),(2723214,'APURIMAC','AYMARAES','TORAYA'),(2733215,'APURIMAC','AYMARAES','YANACA'),(2743216,'APURIMAC','AYMARAES','SAN JUAN DE CHACÐA'),(2753217,'APURIMAC','AYMARAES','JUSTO APU SAHUARAURA'),(2853310,'APURIMAC','ANDAHUAYLAS','SAN JERONIMO'),(2863311,'APURIMAC','ANDAHUAYLAS','TALAVERA'),(2873312,'APURIMAC','ANDAHUAYLAS','TURPO'),(2883313,'APURIMAC','ANDAHUAYLAS','PACUCHA'),(2893314,'APURIMAC','ANDAHUAYLAS','POMACOCHA'),(2903315,'APURIMAC','ANDAHUAYLAS','STA MARIA DE CHICMO'),(2913316,'APURIMAC','ANDAHUAYLAS','TUMAY HUARACA'),(2923317,'APURIMAC','ANDAHUAYLAS','HUAYANA'),(2933318,'APURIMAC','ANDAHUAYLAS','SAN MIGUEL DE CHACCRAMPA'),(2943319,'APURIMAC','ANDAHUAYLAS','KAQUIABAMBA'),(3173610,'APURIMAC','GRAU','TURPAY'),(3183611,'APURIMAC','GRAU','VILCABAMBA'),(3193612,'APURIMAC','GRAU','VIRUNDO'),(3203613,'APURIMAC','GRAU','SANTA ROSA'),(3213614,'APURIMAC','GRAU','CURASCO'),(3394110,'AREQUIPA','AREQUIPA','POCSI'),(3404111,'AREQUIPA','AREQUIPA','POLOBAYA'),(3414112,'AREQUIPA','AREQUIPA','QUEQUEÐA'),(3424113,'AREQUIPA','AREQUIPA','SABANDIA'),(3434114,'AREQUIPA','AREQUIPA','SACHACA'),(3444115,'AREQUIPA','AREQUIPA','SAN JUAN DE SIGUAS'),(3454116,'AREQUIPA','AREQUIPA','SAN JUAN DE TARUCANI'),(3464117,'AREQUIPA','AREQUIPA','SANTA ISABEL DE SIGUAS'),(3474118,'AREQUIPA','AREQUIPA','STA RITA DE SIGUAS'),(3484119,'AREQUIPA','AREQUIPA','SOCABAYA'),(3494120,'AREQUIPA','AREQUIPA','TIABAYA'),(3504121,'AREQUIPA','AREQUIPA','UCHUMAYO'),(3514122,'AREQUIPA','AREQUIPA','VITOR'),(3524123,'AREQUIPA','AREQUIPA','YANAHUARA'),(3534124,'AREQUIPA','AREQUIPA','YARABAMBA'),(3544125,'AREQUIPA','AREQUIPA','YURA'),(3554126,'AREQUIPA','AREQUIPA','MARIANO MELGAR'),(3564127,'AREQUIPA','AREQUIPA','JACOBO HUNTER'),(3574128,'AREQUIPA','AREQUIPA','ALTO SELVA ALEGRE'),(3584129,'AREQUIPA','AREQUIPA','JOSE LUIS BUSTAMANTE Y RIVERO'),(3684210,'AREQUIPA','CAYLLOMA','LARI'),(3694211,'AREQUIPA','CAYLLOMA','LLUTA'),(3704212,'AREQUIPA','CAYLLOMA','MACA'),(3714213,'AREQUIPA','CAYLLOMA','MADRIGAL'),(3724214,'AREQUIPA','CAYLLOMA','SAN ANTONIO DE CHUCA'),(3734215,'AREQUIPA','CAYLLOMA','SIBAYO'),(3744216,'AREQUIPA','CAYLLOMA','TAPAY'),(3754217,'AREQUIPA','CAYLLOMA','TISCO'),(3764218,'AREQUIPA','CAYLLOMA','TUTI'),(3774219,'AREQUIPA','CAYLLOMA','YANQUE'),(3784220,'AREQUIPA','CAYLLOMA','MAJES'),(3964410,'AREQUIPA','CARAVELI','JAQUI'),(3974411,'AREQUIPA','CARAVELI','LOMAS'),(3984412,'AREQUIPA','CARAVELI','QUICACHA'),(3994413,'AREQUIPA','CARAVELI','YAUCA'),(4094510,'AREQUIPA','CASTILLA','PAMPACOLCA'),(4104511,'AREQUIPA','CASTILLA','TIPAN'),(4114512,'AREQUIPA','CASTILLA','URACA'),(4124513,'AREQUIPA','CASTILLA','UÐON'),(4134514,'AREQUIPA','CASTILLA','VIRACO'),(4374810,'AREQUIPA','LA UNION','TOMEPAMPA'),(4384811,'AREQUIPA','LA UNION','TORO'),(4485110,'AYACUCHO','HUAMANGA','TAMBILLO'),(4495111,'AYACUCHO','HUAMANGA','ACOCRO'),(4505112,'AYACUCHO','HUAMANGA','SOCOS'),(4515113,'AYACUCHO','HUAMANGA','OCROS'),(4525114,'AYACUCHO','HUAMANGA','PACAYCASA'),(4535115,'AYACUCHO','HUAMANGA','JESUS NAZARENO'),(4595211,'AYACUCHO','CANGALLO','MARIA PARADO DE BELLIDO'),(4825510,'AYACUCHO','LUCANAS','HUAC-HUAS'),(4835511,'AYACUCHO','LUCANAS','LARAMATE'),(4845512,'AYACUCHO','LUCANAS','LEONCIO PRADO'),(4855513,'AYACUCHO','LUCANAS','LUCANAS'),(4865514,'AYACUCHO','LUCANAS','LLAUTA'),(4875516,'AYACUCHO','LUCANAS','OCAÐA'),(4885517,'AYACUCHO','LUCANAS','OTOCA'),(4895520,'AYACUCHO','LUCANAS','SANCOS'),(4905521,'AYACUCHO','LUCANAS','SAN JUAN'),(4915522,'AYACUCHO','LUCANAS','SAN PEDRO'),(4925524,'AYACUCHO','LUCANAS','STA ANA DE HUAYCAHUACHO'),(4935525,'AYACUCHO','LUCANAS','SANTA LUCIA'),(4945529,'AYACUCHO','LUCANAS','SAISA'),(4955531,'AYACUCHO','LUCANAS','SAN PEDRO DE PALCO'),(4965532,'AYACUCHO','LUCANAS','SAN CRISTOBAL'),(5015611,'AYACUCHO','PARINACOCHAS','PULLO'),(5025612,'AYACUCHO','PARINACOCHAS','PUYUSCA'),(5035615,'AYACUCHO','PARINACOCHAS','SAN FCO DE RAVACAYCO'),(5045616,'AYACUCHO','PARINACOCHAS','UPAHUACHO'),(5135710,'AYACUCHO','VICTOR FAJARDO','HUANCARAYLLA'),(5145713,'AYACUCHO','VICTOR FAJARDO','SARHUA'),(5155714,'AYACUCHO','VICTOR FAJARDO','VILCANCHOS'),(5165715,'AYACUCHO','VICTOR FAJARDO','ASQUIPATA'),(5295101,'AYACUCHO','PAUCAR DEL SARA SARA','PAUSA'),(5305102,'AYACUCHO','PAUCAR DEL SARA SARA','COLTA'),(5315103,'AYACUCHO','PAUCAR DEL SARA SARA','CORCULLA'),(5325104,'AYACUCHO','PAUCAR DEL SARA SARA','LAMPA'),(5335105,'AYACUCHO','PAUCAR DEL SARA SARA','MARCABAMBA'),(5345106,'AYACUCHO','PAUCAR DEL SARA SARA','OYOLO'),(5355107,'AYACUCHO','PAUCAR DEL SARA SARA','PARARCA'),(5365108,'AYACUCHO','PAUCAR DEL SARA SARA','SAN JAVIER DE ALPABAMBA'),(5375109,'AYACUCHO','PAUCAR DEL SARA SARA','SAN JOSE DE USHUA'),(5395111,'AYACUCHO','SUCRE','QUEROBAMBA'),(5405112,'AYACUCHO','SUCRE','BELEN'),(5415113,'AYACUCHO','SUCRE','CHALCOS'),(5425114,'AYACUCHO','SUCRE','SAN SALVADOR DE QUIJE'),(5435115,'AYACUCHO','SUCRE','PAICO'),(5445116,'AYACUCHO','SUCRE','SANTIAGO DE PAUCARAY'),(5455117,'AYACUCHO','SUCRE','SAN PEDRO DE LARCAY'),(5465118,'AYACUCHO','SUCRE','SORAS'),(5475119,'AYACUCHO','SUCRE','HUACAÐA'),(5596110,'CAJAMARCA','CAJAMARCA','MATARA'),(5606111,'CAJAMARCA','CAJAMARCA','NAMORA'),(5616112,'CAJAMARCA','CAJAMARCA','SAN JUAN'),(5756310,'CAJAMARCA','CELENDIN','SUCRE'),(5766311,'CAJAMARCA','CELENDIN','UTCO'),(5776312,'CAJAMARCA','CELENDIN','LA LIBERTAD DE PALLAN'),(5956510,'CAJAMARCA','CUTERVO','SAN LUIS DE LUCMA'),(5966511,'CAJAMARCA','CUTERVO','SANTA CRUZ'),(5976512,'CAJAMARCA','CUTERVO','SANTO DOMINGO DE LA CAPILLA'),(5986513,'CAJAMARCA','CUTERVO','SANTO TOMAS'),(5996514,'CAJAMARCA','CUTERVO','SOCOTA'),(6006515,'CAJAMARCA','CUTERVO','TORIBIO CASANOVA'),(6106610,'CAJAMARCA','CHOTA','LLAMA'),(6116611,'CAJAMARCA','CHOTA','MIRACOSTA'),(6126612,'CAJAMARCA','CHOTA','PACCHA'),(6136613,'CAJAMARCA','CHOTA','PION'),(6146614,'CAJAMARCA','CHOTA','QUEROCOTO'),(6156615,'CAJAMARCA','CHOTA','TACABAMBA'),(6166616,'CAJAMARCA','CHOTA','TOCMOCHE'),(6176617,'CAJAMARCA','CHOTA','SAN JUAN DE LICUPIS'),(6186618,'CAJAMARCA','CHOTA','CHOROPAMPA'),(6196619,'CAJAMARCA','CHOTA','CHALAMARCA'),(6326810,'CAJAMARCA','JAEN','SANTA ROSA'),(6336811,'CAJAMARCA','JAEN','LAS PIRIAS'),(6346812,'CAJAMARCA','JAEN','HUABAL'),(6446910,'CAJAMARCA','SANTA CRUZ','ANDABAMBA'),(6456911,'CAJAMARCA','SANTA CRUZ','SAUCEPAMPA'),(6466101,'CAJAMARCA','SAN MIGUEL','SAN MIGUEL'),(6476102,'CAJAMARCA','SAN MIGUEL','CALQUIS'),(6486103,'CAJAMARCA','SAN MIGUEL','LA FLORIDA'),(6496104,'CAJAMARCA','SAN MIGUEL','LLAPA'),(6506105,'CAJAMARCA','SAN MIGUEL','NANCHOC'),(6516106,'CAJAMARCA','SAN MIGUEL','NIEPOS'),(6526107,'CAJAMARCA','SAN MIGUEL','SAN GREGORIO'),(6536108,'CAJAMARCA','SAN MIGUEL','SAN SILVESTRE DE COCHAN'),(6546109,'CAJAMARCA','SAN MIGUEL','EL PRADO'),(6596111,'CAJAMARCA','SAN IGNACIO','SAN IGNACIO'),(6606112,'CAJAMARCA','SAN IGNACIO','CHIRINOS'),(6616113,'CAJAMARCA','SAN IGNACIO','HUARANGO'),(6626114,'CAJAMARCA','SAN IGNACIO','NAMBALLE'),(6636115,'CAJAMARCA','SAN IGNACIO','LA COIPA'),(6646116,'CAJAMARCA','SAN IGNACIO','SAN JOSE DE LOURDES'),(6656117,'CAJAMARCA','SAN IGNACIO','TABACONAS'),(6666121,'CAJAMARCA','SAN MARCOS','PEDRO GALVEZ'),(6676122,'CAJAMARCA','SAN MARCOS','ICHOCAN'),(6686123,'CAJAMARCA','SAN MARCOS','GREGORIO PITA'),(6696124,'CAJAMARCA','SAN MARCOS','JOSE MANUEL QUIROZ'),(6706125,'CAJAMARCA','SAN MARCOS','EDUARDO VILLANUEVA'),(6716126,'CAJAMARCA','SAN MARCOS','JOSE SABOGAL'),(6726127,'CAJAMARCA','SAN MARCOS','CHANCAY'),(6736131,'CAJAMARCA','SAN PABLO','SAN PABLO'),(6746132,'CAJAMARCA','SAN PABLO','SAN BERNARDINO'),(6756133,'CAJAMARCA','SAN PABLO','SAN LUIS'),(6766134,'CAJAMARCA','SAN PABLO','TUMBADEN'),(7507910,'CUSCO','LA CONVENCION','PICHARI'),(7517101,'CUSCO','PARURO','PARURO'),(7527102,'CUSCO','PARURO','ACCHA'),(7537103,'CUSCO','PARURO','CCAPI'),(7547104,'CUSCO','PARURO','COLCHA'),(7557105,'CUSCO','PARURO','HUANOQUITE'),(7567106,'CUSCO','PARURO','OMACHA'),(7577107,'CUSCO','PARURO','YAURISQUE'),(7587108,'CUSCO','PARURO','PACCARITAMBO'),(7597109,'CUSCO','PARURO','PILLPINTO'),(7607111,'CUSCO','PAUCARTAMBO','PAUCARTAMBO'),(7617112,'CUSCO','PAUCARTAMBO','CAICAY'),(7627113,'CUSCO','PAUCARTAMBO','COLQUEPATA'),(7637114,'CUSCO','PAUCARTAMBO','CHALLABAMBA'),(7647115,'CUSCO','PAUCARTAMBO','COSÐIPATA'),(7657116,'CUSCO','PAUCARTAMBO','HUANCARANI'),(7667121,'CUSCO','QUISPICANCHI','URCOS'),(7677122,'CUSCO','QUISPICANCHI','ANDAHUAYLILLAS'),(7687123,'CUSCO','QUISPICANCHI','CAMANTI'),(7697124,'CUSCO','QUISPICANCHI','CCARHUAYO'),(7707125,'CUSCO','QUISPICANCHI','CCATCA'),(7717126,'CUSCO','QUISPICANCHI','CUSIPATA'),(7727127,'CUSCO','QUISPICANCHI','HUARO'),(7737128,'CUSCO','QUISPICANCHI','LUCRE'),(7747129,'CUSCO','QUISPICANCHI','MARCAPATA'),(7787131,'CUSCO','URUBAMBA','URUBAMBA'),(7797132,'CUSCO','URUBAMBA','CHINCHERO'),(7807133,'CUSCO','URUBAMBA','HUAYLLABAMBA'),(7817134,'CUSCO','URUBAMBA','MACHUPICCHU'),(7827135,'CUSCO','URUBAMBA','MARAS'),(7837136,'CUSCO','URUBAMBA','OLLANTAYTAMBO'),(7847137,'CUSCO','URUBAMBA','YUCAY'),(7938110,'HUANCAVELICA','HUANCAVELICA','LARIA'),(7948111,'HUANCAVELICA','HUANCAVELICA','MANTA'),(7958112,'HUANCAVELICA','HUANCAVELICA','MARISCAL CACERES'),(7968113,'HUANCAVELICA','HUANCAVELICA','MOYA'),(7978114,'HUANCAVELICA','HUANCAVELICA','NUEVO OCCORO'),(7988115,'HUANCAVELICA','HUANCAVELICA','PALCA'),(7998116,'HUANCAVELICA','HUANCAVELICA','PILCHACA'),(8008117,'HUANCAVELICA','HUANCAVELICA','VILCA'),(8018118,'HUANCAVELICA','HUANCAVELICA','YAULI'),(8028119,'HUANCAVELICA','HUANCAVELICA','ASCENSION'),(8038120,'HUANCAVELICA','HUANCAVELICA','HUANDO'),(8218310,'HUANCAVELICA','ANGARAES','STO TOMAS DE PATA'),(8228311,'HUANCAVELICA','ANGARAES','SECCLLA'),(8238312,'HUANCAVELICA','ANGARAES','CCOCHACCASA'),(8318410,'HUANCAVELICA','CASTROVIRREYNA','HUAMATAMBO'),(8328414,'HUANCAVELICA','CASTROVIRREYNA','MOLLEPAMPA'),(8338422,'HUANCAVELICA','CASTROVIRREYNA','SAN JUAN'),(8348427,'HUANCAVELICA','CASTROVIRREYNA','TANTARA'),(8358428,'HUANCAVELICA','CASTROVIRREYNA','TICRAPO'),(8368429,'HUANCAVELICA','CASTROVIRREYNA','SANTA ANA'),(8438511,'HUANCAVELICA','TAYACAJA','HUACHOCOLPA'),(8448512,'HUANCAVELICA','TAYACAJA','HUARIBAMBA'),(8458515,'HUANCAVELICA','TAYACAJA','ÐAHUIMPUQUIO'),(8468517,'HUANCAVELICA','TAYACAJA','PAZOS'),(8478518,'HUANCAVELICA','TAYACAJA','QUISHUAR'),(8488519,'HUANCAVELICA','TAYACAJA','SALCABAMBA'),(8498520,'HUANCAVELICA','TAYACAJA','SAN MARCOS DE ROCCHAC'),(8508523,'HUANCAVELICA','TAYACAJA','SURCUBAMBA'),(8518525,'HUANCAVELICA','TAYACAJA','TINTAY PUNCU'),(8528526,'HUANCAVELICA','TAYACAJA','SALCAHUASI'),(8628610,'HUANCAVELICA','HUAYTARA','SAN ANTONIO DE CUSICANCHA'),(8638611,'HUANCAVELICA','HUAYTARA','SAN FRANCISCO DE SANGAYAICO'),(8648612,'HUANCAVELICA','HUAYTARA','SAN ISIDRO'),(8658613,'HUANCAVELICA','HUAYTARA','SANTIAGO DE CHOCORVOS'),(8668614,'HUANCAVELICA','HUAYTARA','SANTIAGO DE QUIRAHUARA'),(8678615,'HUANCAVELICA','HUAYTARA','SANTO DOMINGO DE CAPILLAS'),(8688616,'HUANCAVELICA','HUAYTARA','TAMBO'),(8788710,'HUANCAVELICA','CHURCAMPA','PACHAMARCA'),(8889110,'HUANUCO','HUANUCO','AMARILIS'),(8899111,'HUANUCO','HUANUCO','PILLCO MARCA'),(9009312,'HUANUCO','DOS DE MAYO','MARIAS'),(9019314,'HUANUCO','DOS DE MAYO','PACHAS'),(9029316,'HUANUCO','DOS DE MAYO','QUIVILLA'),(9039317,'HUANUCO','DOS DE MAYO','RIPAN'),(9049321,'HUANUCO','DOS DE MAYO','SHUNQUI'),(9059322,'HUANUCO','DOS DE MAYO','SILLAPATA'),(9069323,'HUANUCO','DOS DE MAYO','YANAS'),(9169410,'HUANUCO','HUAMALIES','SINGA'),(9179411,'HUANUCO','HUAMALIES','TANTAMAYO'),(9409101,'HUANUCO','LAURICOCHA','JESUS'),(9419102,'HUANUCO','LAURICOCHA','BAÐOS'),(9429103,'HUANUCO','LAURICOCHA','SAN FRANCISCO DE ASIS'),(9439104,'HUANUCO','LAURICOCHA','QUEROPALCA'),(9449105,'HUANUCO','LAURICOCHA','SAN MIGUEL DE CAURI'),(9459106,'HUANUCO','LAURICOCHA','RONDOS'),(9469107,'HUANUCO','LAURICOCHA','JIVIA'),(9479111,'HUANUCO','YAROWILCA','CHAVINILLO'),(9489112,'HUANUCO','YAROWILCA','APARICIO POMARES (CHUPAN);'),(9499113,'HUANUCO','YAROWILCA','CAHUAC'),(9509114,'HUANUCO','YAROWILCA','CHACABAMBA'),(9519115,'HUANUCO','YAROWILCA','JACAS CHICO'),(9529116,'HUANUCO','YAROWILCA','OBAS'),(9539117,'HUANUCO','YAROWILCA','PAMPAMARCA'),(9549118,'HUANUCO','YAROWILCA','CHORAS'),(9551011,'ICA','ICA','ICA'),(9561012,'ICA','ICA','LA TINGUIÐA'),(9571013,'ICA','ICA','LOS AQUIJES'),(9581014,'ICA','ICA','PARCONA'),(9591015,'ICA','ICA','PUEBLO NUEVO'),(9601016,'ICA','ICA','SALAS'),(9611017,'ICA','ICA','SAN JOSE DE LOS MOLINOS'),(9621018,'ICA','ICA','SAN JUAN BAUTISTA'),(9631019,'ICA','ICA','SANTIAGO'),(9691021,'ICA','CHINCHA','CHINCHA ALTA'),(9701022,'ICA','CHINCHA','CHAVIN'),(9711023,'ICA','CHINCHA','CHINCHA BAJA'),(9721024,'ICA','CHINCHA','EL CARMEN'),(9731025,'ICA','CHINCHA','GROCIO PRADO'),(9741026,'ICA','CHINCHA','SAN PEDRO DE HUACARPANA'),(9751027,'ICA','CHINCHA','SUNAMPE'),(9761028,'ICA','CHINCHA','TAMBO DE MORA'),(9771029,'ICA','CHINCHA','ALTO LARAN'),(9801031,'ICA','NAZCA','NAZCA'),(9811032,'ICA','NAZCA','CHANGUILLO'),(9821033,'ICA','NAZCA','EL INGENIO'),(9831034,'ICA','NAZCA','MARCONA'),(9841035,'ICA','NAZCA','VISTA ALEGRE'),(9851041,'ICA','PISCO','PISCO'),(9861042,'ICA','PISCO','HUANCANO'),(9871043,'ICA','PISCO','HUMAY'),(9881044,'ICA','PISCO','INDEPENDENCIA'),(9891045,'ICA','PISCO','PARACAS'),(9901046,'ICA','PISCO','SAN ANDRES'),(9911047,'ICA','PISCO','SAN CLEMENTE'),(9921048,'ICA','PISCO','TUPAC AMARU INCA'),(9931051,'ICA','PALPA','PALPA'),(9941052,'ICA','PALPA','LLIPATA'),(9951053,'ICA','PALPA','RIO GRANDE'),(9961054,'ICA','PALPA','SANTA CRUZ'),(9971055,'ICA','PALPA','TIBILLO'),(9981111,'JUNIN','HUANCAYO','HUANCAYO'),(9991113,'JUNIN','HUANCAYO','CARHUACALLANGA'),(10001114,'JUNIN','HUANCAYO','COLCA'),(10011115,'JUNIN','HUANCAYO','CULLHUAS'),(10021116,'JUNIN','HUANCAYO','CHACAPAMPA'),(10031117,'JUNIN','HUANCAYO','CHICCHE'),(10041118,'JUNIN','HUANCAYO','CHILCA'),(10051119,'JUNIN','HUANCAYO','CHONGOS ALTO'),(10261121,'JUNIN','CONCEPCION','CONCEPCION'),(10271122,'JUNIN','CONCEPCION','ACO'),(10281123,'JUNIN','CONCEPCION','ANDAMARCA'),(10291124,'JUNIN','CONCEPCION','COMAS'),(10301125,'JUNIN','CONCEPCION','COCHAS'),(10311126,'JUNIN','CONCEPCION','CHAMBARA'),(10321127,'JUNIN','CONCEPCION','HEROINAS TOLEDO'),(10331128,'JUNIN','CONCEPCION','MANZANARES'),(10341129,'JUNIN','CONCEPCION','MCAL CASTILLA'),(10411131,'JUNIN','JAUJA','JAUJA'),(10421132,'JUNIN','JAUJA','ACOLLA'),(10431133,'JUNIN','JAUJA','APATA'),(10441134,'JUNIN','JAUJA','ATAURA'),(10451135,'JUNIN','JAUJA','CANCHAILLO'),(10461136,'JUNIN','JAUJA','EL MANTARO'),(10471137,'JUNIN','JAUJA','HUAMALI'),(10481138,'JUNIN','JAUJA','HUARIPAMPA'),(10491139,'JUNIN','JAUJA','HUERTAS'),(10751141,'JUNIN','JUNIN','JUNIN'),(10761142,'JUNIN','JUNIN','CARHUAMAYO'),(10771143,'JUNIN','JUNIN','ONDORES'),(10781144,'JUNIN','JUNIN','ULCUMAYO'),(10791151,'JUNIN','TARMA','TARMA'),(10801152,'JUNIN','TARMA','ACOBAMBA'),(10811153,'JUNIN','TARMA','HUARICOLCA'),(10821154,'JUNIN','TARMA','HUASAHUASI'),(10831155,'JUNIN','TARMA','LA UNION'),(10841156,'JUNIN','TARMA','PALCA'),(10851157,'JUNIN','TARMA','PALCAMAYO'),(10861158,'JUNIN','TARMA','SAN PEDRO DE CAJAS'),(10871159,'JUNIN','TARMA','TAPO'),(10881161,'JUNIN','YAULI','LA OROYA'),(10891162,'JUNIN','YAULI','CHACAPALPA'),(10901163,'JUNIN','YAULI','HUAY HUAY'),(10911164,'JUNIN','YAULI','MARCAPOMACOCHA'),(10921165,'JUNIN','YAULI','MOROCOCHA'),(10931166,'JUNIN','YAULI','PACCHA'),(10941167,'JUNIN','YAULI','STA BARBARA DE CARHUACAYAN'),(10951168,'JUNIN','YAULI','SUITUCANCHA'),(10961169,'JUNIN','YAULI','YAULI'),(10981171,'JUNIN','SATIPO','SATIPO'),(10991172,'JUNIN','SATIPO','COVIRIALI'),(11001173,'JUNIN','SATIPO','LLAYLLA'),(11011174,'JUNIN','SATIPO','MAZAMARI'),(11021175,'JUNIN','SATIPO','PAMPA HERMOSA'),(11031176,'JUNIN','SATIPO','PANGOA'),(11041177,'JUNIN','SATIPO','RIO NEGRO'),(11051178,'JUNIN','SATIPO','RIO TAMBO'),(11061181,'JUNIN','CHANCHAMAYO','CHANCHAMAYO'),(11071182,'JUNIN','CHANCHAMAYO','SAN RAMON'),(11081183,'JUNIN','CHANCHAMAYO','VITOC'),(11091184,'JUNIN','CHANCHAMAYO','SAN LUIS DE SHUARO'),(11101185,'JUNIN','CHANCHAMAYO','PICHANAQUI'),(11111186,'JUNIN','CHANCHAMAYO','PERENE'),(11121191,'JUNIN','CHUPACA','CHUPACA'),(11131192,'JUNIN','CHUPACA','AHUAC'),(11141193,'JUNIN','CHUPACA','CHONGOS BAJO'),(11151194,'JUNIN','CHUPACA','HUACHAC'),(11161195,'JUNIN','CHUPACA','HUAMANCACA CHICO'),(11171196,'JUNIN','CHUPACA','SAN JUAN DE ISCOS'),(11181197,'JUNIN','CHUPACA','SAN JUAN DE JARPA'),(11191198,'JUNIN','CHUPACA','TRES DE DICIEMBRE'),(11201199,'JUNIN','CHUPACA','YANACANCHA'),(11211211,'LA LIBERTAD','TRUJILLO','TRUJILLO'),(11221212,'LA LIBERTAD','TRUJILLO','HUANCHACO'),(11231213,'LA LIBERTAD','TRUJILLO','LAREDO'),(11241214,'LA LIBERTAD','TRUJILLO','MOCHE'),(11251215,'LA LIBERTAD','TRUJILLO','SALAVERRY'),(11261216,'LA LIBERTAD','TRUJILLO','SIMBAL'),(11271217,'LA LIBERTAD','TRUJILLO','VICTOR LARCO HERRERA'),(11281219,'LA LIBERTAD','TRUJILLO','POROTO'),(11321221,'LA LIBERTAD','BOLIVAR','BOLIVAR'),(11331222,'LA LIBERTAD','BOLIVAR','BAMBAMARCA'),(11341223,'LA LIBERTAD','BOLIVAR','CONDORMARCA'),(11351224,'LA LIBERTAD','BOLIVAR','LONGOTEA'),(11361225,'LA LIBERTAD','BOLIVAR','UCUNCHA'),(11371226,'LA LIBERTAD','BOLIVAR','UCHUMARCA'),(11381231,'LA LIBERTAD','SANCHEZ CARRION','HUAMACHUCO'),(11391232,'LA LIBERTAD','SANCHEZ CARRION','COCHORCO'),(11401233,'LA LIBERTAD','SANCHEZ CARRION','CURGOS'),(11411234,'LA LIBERTAD','SANCHEZ CARRION','CHUGAY'),(11421235,'LA LIBERTAD','SANCHEZ CARRION','MARCABAL'),(11431236,'LA LIBERTAD','SANCHEZ CARRION','SANAGORAN'),(11441237,'LA LIBERTAD','SANCHEZ CARRION','SARIN'),(11451238,'LA LIBERTAD','SANCHEZ CARRION','SARTIMBAMBA'),(11461241,'LA LIBERTAD','OTUZCO','OTUZCO'),(11471242,'LA LIBERTAD','OTUZCO','AGALLPAMPA'),(11481243,'LA LIBERTAD','OTUZCO','CHARAT'),(11491244,'LA LIBERTAD','OTUZCO','HUARANCHAL'),(11501245,'LA LIBERTAD','OTUZCO','LA CUESTA'),(11511248,'LA LIBERTAD','OTUZCO','PARANDAY'),(11521249,'LA LIBERTAD','OTUZCO','SALPO'),(11561251,'LA LIBERTAD','PACASMAYO','SAN PEDRO DE LLOC'),(11571253,'LA LIBERTAD','PACASMAYO','GUADALUPE'),(11581254,'LA LIBERTAD','PACASMAYO','JEQUETEPEQUE'),(11591256,'LA LIBERTAD','PACASMAYO','PACASMAYO'),(11601258,'LA LIBERTAD','PACASMAYO','SAN JOSE'),(11611261,'LA LIBERTAD','PATAZ','TAYABAMBA'),(11621262,'LA LIBERTAD','PATAZ','BULDIBUYO'),(11631263,'LA LIBERTAD','PATAZ','CHILLIA'),(11641264,'LA LIBERTAD','PATAZ','HUAYLILLAS'),(11651265,'LA LIBERTAD','PATAZ','HUANCASPATA'),(11661266,'LA LIBERTAD','PATAZ','HUAYO'),(11671267,'LA LIBERTAD','PATAZ','ONGON'),(11681268,'LA LIBERTAD','PATAZ','PARCOY'),(11691269,'LA LIBERTAD','PATAZ','PATAZ'),(11741271,'LA LIBERTAD','SANTIAGO DE CHUCO','SANTIAGO DE CHUCO'),(11751272,'LA LIBERTAD','SANTIAGO DE CHUCO','CACHICADAN'),(11761273,'LA LIBERTAD','SANTIAGO DE CHUCO','MOLLEBAMBA'),(11771274,'LA LIBERTAD','SANTIAGO DE CHUCO','MOLLEPATA'),(11781275,'LA LIBERTAD','SANTIAGO DE CHUCO','QUIRUVILCA'),(11791276,'LA LIBERTAD','SANTIAGO DE CHUCO','SANTA CRUZ DE CHUCA'),(11801277,'LA LIBERTAD','SANTIAGO DE CHUCO','SITABAMBA'),(11811278,'LA LIBERTAD','SANTIAGO DE CHUCO','ANGASMARCA'),(11821281,'LA LIBERTAD','ASCOPE','ASCOPE'),(11831282,'LA LIBERTAD','ASCOPE','CHICAMA'),(11841283,'LA LIBERTAD','ASCOPE','CHOCOPE'),(11851284,'LA LIBERTAD','ASCOPE','SANTIAGO DE CAO'),(11861285,'LA LIBERTAD','ASCOPE','MAGDALENA DE CAO'),(11871286,'LA LIBERTAD','ASCOPE','PAIJAN'),(11881287,'LA LIBERTAD','ASCOPE','RAZURI'),(11891288,'LA LIBERTAD','ASCOPE','CASA GRANDE'),(11901291,'LA LIBERTAD','CHEPEN','CHEPEN'),(11911292,'LA LIBERTAD','CHEPEN','PACANGA'),(11921293,'LA LIBERTAD','CHEPEN','PUEBLO NUEVO'),(12041311,'LAMBAYEQUE','CHICLAYO','CHICLAYO'),(12051312,'LAMBAYEQUE','CHICLAYO','CHONGOYAPE'),(12061313,'LAMBAYEQUE','CHICLAYO','ETEN'),(12071314,'LAMBAYEQUE','CHICLAYO','ETEN PUERTO'),(12081315,'LAMBAYEQUE','CHICLAYO','LAGUNAS'),(12091316,'LAMBAYEQUE','CHICLAYO','MONSEFU'),(12101317,'LAMBAYEQUE','CHICLAYO','NUEVA ARICA'),(12111318,'LAMBAYEQUE','CHICLAYO','OYOTUN'),(12121319,'LAMBAYEQUE','CHICLAYO','PICSI'),(12241321,'LAMBAYEQUE','FERREÐAFE','FERREÐAFE'),(12251322,'LAMBAYEQUE','FERREÐAFE','INCAHUASI'),(12261323,'LAMBAYEQUE','FERREÐAFE','CAÐARIS'),(12271324,'LAMBAYEQUE','FERREÐAFE','PITIPO'),(12281325,'LAMBAYEQUE','FERREÐAFE','PUEBLO NUEVO'),(12291326,'LAMBAYEQUE','FERREÐAFE','MANUEL ANTONIO MESONES MURO'),(12301331,'LAMBAYEQUE','LAMBAYEQUE','LAMBAYEQUE'),(12311332,'LAMBAYEQUE','LAMBAYEQUE','CHOCHOPE'),(12321333,'LAMBAYEQUE','LAMBAYEQUE','ILLIMO'),(12331334,'LAMBAYEQUE','LAMBAYEQUE','JAYANCA'),(12341335,'LAMBAYEQUE','LAMBAYEQUE','MOCHUMI'),(12351336,'LAMBAYEQUE','LAMBAYEQUE','MORROPE'),(12361337,'LAMBAYEQUE','LAMBAYEQUE','MOTUPE'),(12371338,'LAMBAYEQUE','LAMBAYEQUE','OLMOS'),(12381339,'LAMBAYEQUE','LAMBAYEQUE','PACORA'),(12421411,'LIMA','LIMA','LIMA'),(12431412,'LIMA','LIMA','ANCON'),(12441413,'LIMA','LIMA','ATE'),(12451414,'LIMA','LIMA','BREÐA'),(12461415,'LIMA','LIMA','CARABAYLLO'),(12471416,'LIMA','LIMA','COMAS'),(12481417,'LIMA','LIMA','CHACLACAYO'),(12491418,'LIMA','LIMA','CHORRILLOS'),(12501419,'LIMA','LIMA','LA VICTORIA'),(12851421,'LIMA','CAJATAMBO','CAJATAMBO'),(12861425,'LIMA','CAJATAMBO','COPA'),(12871426,'LIMA','CAJATAMBO','GORGOR'),(12881427,'LIMA','CAJATAMBO','HUANCAPON'),(12891428,'LIMA','CAJATAMBO','MANAS'),(12901431,'LIMA','CANTA','CANTA'),(12911432,'LIMA','CANTA','ARAHUAY'),(12921433,'LIMA','CANTA','HUAMANTANGA'),(12931434,'LIMA','CANTA','HUAROS'),(12941435,'LIMA','CANTA','LACHAQUI'),(12951436,'LIMA','CANTA','SAN BUENAVENTURA'),(12961437,'LIMA','CANTA','SANTA ROSA DE QUIVES'),(12971441,'LIMA','CAÐETE','SAN VICENTE DE CAÐETE'),(12981442,'LIMA','CAÐETE','CALANGO'),(12991443,'LIMA','CAÐETE','CERRO AZUL'),(13001444,'LIMA','CAÐETE','COAYLLO'),(13011445,'LIMA','CAÐETE','CHILCA'),(13021446,'LIMA','CAÐETE','IMPERIAL'),(13031447,'LIMA','CAÐETE','LUNAHUANA'),(13041448,'LIMA','CAÐETE','MALA'),(13051449,'LIMA','CAÐETE','NUEVO IMPERIAL'),(13131451,'LIMA','HUAURA','HUACHO'),(13141452,'LIMA','HUAURA','AMBAR'),(13151454,'LIMA','HUAURA','CALETA DE CARQUIN'),(13161455,'LIMA','HUAURA','CHECRAS'),(13171456,'LIMA','HUAURA','HUALMAY'),(13181457,'LIMA','HUAURA','HUAURA'),(13191458,'LIMA','HUAURA','LEONCIO PRADO'),(13201459,'LIMA','HUAURA','PACCHO'),(13251461,'LIMA','HUAROCHIRI','MATUCANA'),(13261462,'LIMA','HUAROCHIRI','ANTIOQUIA'),(13271463,'LIMA','HUAROCHIRI','CALLAHUANCA'),(13281464,'LIMA','HUAROCHIRI','CARAMPOMA'),(13291465,'LIMA','HUAROCHIRI','CASTA'),(13301466,'LIMA','HUAROCHIRI','SAN JOSE DE LOS CHORRILLOS'),(13311467,'LIMA','HUAROCHIRI','CHICLA'),(13321468,'LIMA','HUAROCHIRI','HUANZA'),(13331469,'LIMA','HUAROCHIRI','HUAROCHIRI'),(13571471,'LIMA','YAUYOS','YAUYOS'),(13581472,'LIMA','YAUYOS','ALIS'),(13591473,'LIMA','YAUYOS','AYAUCA'),(13601474,'LIMA','YAUYOS','AYAVIRI'),(13611475,'LIMA','YAUYOS','AZANGARO'),(13621476,'LIMA','YAUYOS','CACRA'),(13631477,'LIMA','YAUYOS','CARANIA'),(13641478,'LIMA','YAUYOS','COCHAS'),(13651479,'LIMA','YAUYOS','COLONIA'),(13901481,'LIMA','HUARAL','HUARAL'),(13911482,'LIMA','HUARAL','ATAVILLOS ALTO'),(13921483,'LIMA','HUARAL','ATAVILLOS BAJO'),(13931484,'LIMA','HUARAL','AUCALLAMA'),(13941485,'LIMA','HUARAL','CHANCAY'),(13951486,'LIMA','HUARAL','IHUARI'),(13961487,'LIMA','HUARAL','LAMPIAN'),(13971488,'LIMA','HUARAL','PACARAOS'),(13981489,'LIMA','HUARAL','SAN MIGUEL DE ACOS'),(14021491,'LIMA','BARRANCA','BARRANCA'),(14031492,'LIMA','BARRANCA','PARAMONGA'),(14041493,'LIMA','BARRANCA','PATIVILCA'),(14051494,'LIMA','BARRANCA','SUPE'),(14061495,'LIMA','BARRANCA','SUPE PUERTO'),(14131511,'LORETO','MAYNAS','IQUITOS'),(14141512,'LORETO','MAYNAS','ALTO NANAY'),(14151513,'LORETO','MAYNAS','FERNANDO LORES'),(14161514,'LORETO','MAYNAS','LAS AMAZONAS'),(14171515,'LORETO','MAYNAS','MAZAN'),(14181516,'LORETO','MAYNAS','NAPO'),(14191517,'LORETO','MAYNAS','PUTUMAYO'),(14201518,'LORETO','MAYNAS','TORRES CAUSANA'),(14261521,'LORETO','ALTO AMAZONAS','YURIMAGUAS'),(14271522,'LORETO','ALTO AMAZONAS','BALSAPUERTO'),(14281525,'LORETO','ALTO AMAZONAS','JEBEROS'),(14291526,'LORETO','ALTO AMAZONAS','LAGUNAS'),(14321531,'LORETO','LORETO','NAUTA'),(14331532,'LORETO','LORETO','PARINARI'),(14341533,'LORETO','LORETO','TIGRE'),(14351534,'LORETO','LORETO','URARINAS'),(14361535,'LORETO','LORETO','TROMPETEROS'),(14371541,'LORETO','REQUENA','REQUENA'),(14381542,'LORETO','REQUENA','ALTO TAPICHE'),(14391543,'LORETO','REQUENA','CAPELO'),(14401544,'LORETO','REQUENA','EMILIO SAN MARTIN'),(14411545,'LORETO','REQUENA','MAQUIA'),(14421546,'LORETO','REQUENA','PUINAHUA'),(14431547,'LORETO','REQUENA','SAPUENA'),(14441548,'LORETO','REQUENA','SOPLIN'),(14451549,'LORETO','REQUENA','TAPICHE'),(14481551,'LORETO','UCAYALI','CONTAMANA'),(14491552,'LORETO','UCAYALI','VARGAS GUERRA'),(14501553,'LORETO','UCAYALI','PADRE MARQUEZ'),(14511554,'LORETO','UCAYALI','PAMPA HERMOZA'),(14521555,'LORETO','UCAYALI','SARAYACU'),(14531556,'LORETO','UCAYALI','INAHUAYA'),(14541561,'LORETO','MARISCAL RAMON CASTILLA','MARISCAL RAMON CASTILLA'),(14551562,'LORETO','MARISCAL RAMON CASTILLA','PEBAS'),(14561563,'LORETO','MARISCAL RAMON CASTILLA','YAVARI'),(14571564,'LORETO','MARISCAL RAMON CASTILLA','SAN PABLO'),(14581571,'LORETO','DATEM DEL MARAÐON','BARRANCA'),(14591572,'LORETO','DATEM DEL MARAÐON','ANDOAS'),(14601573,'LORETO','DATEM DEL MARAÐON','CAHUAPANAS'),(14611574,'LORETO','DATEM DEL MARAÐON','MANSERICHE'),(14621575,'LORETO','DATEM DEL MARAÐON','MORONA'),(14631576,'LORETO','DATEM DEL MARAÐON','PASTAZA'),(14641611,'MADRE DE DIOS','TAMBOPATA','TAMBOPATA'),(14651612,'MADRE DE DIOS','TAMBOPATA','INAMBARI'),(14661613,'MADRE DE DIOS','TAMBOPATA','LAS PIEDRAS'),(14671614,'MADRE DE DIOS','TAMBOPATA','LABERINTO'),(14681621,'MADRE DE DIOS','MANU','MANU'),(14691622,'MADRE DE DIOS','MANU','FITZCARRALD'),(14701623,'MADRE DE DIOS','MANU','MADRE DE DIOS'),(14711624,'MADRE DE DIOS','MANU','HUEPETUHE'),(14721631,'MADRE DE DIOS','TAHUAMANU','IÐAPARI'),(14731632,'MADRE DE DIOS','TAHUAMANU','IBERIA'),(14741633,'MADRE DE DIOS','TAHUAMANU','TAHUAMANU'),(14751711,'MOQUEGUA','MARISCAL NIETO','MOQUEGUA'),(14761712,'MOQUEGUA','MARISCAL NIETO','CARUMAS'),(14771713,'MOQUEGUA','MARISCAL NIETO','CUCHUMBAYA'),(14781714,'MOQUEGUA','MARISCAL NIETO','SAN CRISTOBAL'),(14791715,'MOQUEGUA','MARISCAL NIETO','TORATA'),(14801716,'MOQUEGUA','MARISCAL NIETO','SAMEGUA'),(14811721,'MOQUEGUA','GENERAL SANCHEZ CERRO','OMATE'),(14821722,'MOQUEGUA','GENERAL SANCHEZ CERRO','COALAQUE'),(14831723,'MOQUEGUA','GENERAL SANCHEZ CERRO','CHOJATA'),(14841724,'MOQUEGUA','GENERAL SANCHEZ CERRO','ICHUÐA'),(14851725,'MOQUEGUA','GENERAL SANCHEZ CERRO','LA CAPILLA'),(14861726,'MOQUEGUA','GENERAL SANCHEZ CERRO','LLOQUE'),(14871727,'MOQUEGUA','GENERAL SANCHEZ CERRO','MATALAQUE'),(14881728,'MOQUEGUA','GENERAL SANCHEZ CERRO','PUQUINA'),(14891729,'MOQUEGUA','GENERAL SANCHEZ CERRO','QUINISTAQUILLAS'),(14921731,'MOQUEGUA','ILO','ILO'),(14931732,'MOQUEGUA','ILO','EL ALGARROBAL'),(14941733,'MOQUEGUA','ILO','PACOCHA'),(14951811,'PASCO','PASCO','CHAUPIMARCA'),(14961813,'PASCO','PASCO','HUACHON'),(14971814,'PASCO','PASCO','HUARIACA'),(14981815,'PASCO','PASCO','HUAYLLAY'),(14991816,'PASCO','PASCO','NINACACA'),(15001817,'PASCO','PASCO','PALLANCHACRA'),(15011818,'PASCO','PASCO','PAUCARTAMBO'),(15021819,'PASCO','PASCO','SAN FCO DE ASIS DE YARUSYACAN'),(15081821,'PASCO','DANIEL ALCIDES CARRION','YANAHUANCA'),(15091822,'PASCO','DANIEL ALCIDES CARRION','CHACAYAN'),(15101823,'PASCO','DANIEL ALCIDES CARRION','GOYLLARISQUIZGA'),(15111824,'PASCO','DANIEL ALCIDES CARRION','PAUCAR'),(15121825,'PASCO','DANIEL ALCIDES CARRION','SAN PEDRO DE PILLAO'),(15131826,'PASCO','DANIEL ALCIDES CARRION','SANTA ANA DE TUSI'),(15141827,'PASCO','DANIEL ALCIDES CARRION','TAPUC'),(15151828,'PASCO','DANIEL ALCIDES CARRION','VILCABAMBA'),(15161831,'PASCO','OXAPAMPA','OXAPAMPA'),(15171832,'PASCO','OXAPAMPA','CHONTABAMBA'),(15181833,'PASCO','OXAPAMPA','HUANCABAMBA'),(15191834,'PASCO','OXAPAMPA','PUERTO BERMUDEZ'),(15201835,'PASCO','OXAPAMPA','VILLA RICA'),(15211836,'PASCO','OXAPAMPA','POZUZO'),(15221837,'PASCO','OXAPAMPA','PALCAZU'),(15231911,'PIURA','PIURA','PIURA'),(15241913,'PIURA','PIURA','CASTILLA'),(15251914,'PIURA','PIURA','CATACAOS'),(15261915,'PIURA','PIURA','LA ARENA'),(15271916,'PIURA','PIURA','LA UNION'),(15281917,'PIURA','PIURA','LAS LOMAS'),(15291919,'PIURA','PIURA','TAMBO GRANDE'),(15321921,'PIURA','AYABACA','AYABACA'),(15331922,'PIURA','AYABACA','FRIAS'),(15341923,'PIURA','AYABACA','LAGUNAS'),(15351924,'PIURA','AYABACA','MONTERO'),(15361925,'PIURA','AYABACA','PACAIPAMPA'),(15371926,'PIURA','AYABACA','SAPILLICA'),(15381927,'PIURA','AYABACA','SICCHEZ'),(15391928,'PIURA','AYABACA','SUYO'),(15401929,'PIURA','AYABACA','JILILI'),(15421931,'PIURA','HUANCABAMBA','HUANCABAMBA'),(15431932,'PIURA','HUANCABAMBA','CANCHAQUE'),(15441933,'PIURA','HUANCABAMBA','HUARMACA'),(15451934,'PIURA','HUANCABAMBA','SONDOR'),(15461935,'PIURA','HUANCABAMBA','SONDORILLO'),(15471936,'PIURA','HUANCABAMBA','EL CARMEN DE LA FRONTERA'),(15481937,'PIURA','HUANCABAMBA','SAN MIGUEL DE EL FAIQUE'),(15491938,'PIURA','HUANCABAMBA','LALAQUIZ'),(15501941,'PIURA','MORROPON','CHULUCANAS'),(15511942,'PIURA','MORROPON','BUENOS AIRES'),(15521943,'PIURA','MORROPON','CHALACO'),(15531944,'PIURA','MORROPON','MORROPON'),(15541945,'PIURA','MORROPON','SALITRAL'),(15551946,'PIURA','MORROPON','SANTA CATALINA DE MOSSA'),(15561947,'PIURA','MORROPON','SANTO DOMINGO'),(15571948,'PIURA','MORROPON','LA MATANZA'),(15581949,'PIURA','MORROPON','YAMANGO'),(15601951,'PIURA','PAITA','PAITA'),(15611952,'PIURA','PAITA','AMOTAPE'),(15621953,'PIURA','PAITA','ARENAL'),(15631954,'PIURA','PAITA','LA HUACA'),(15641955,'PIURA','PAITA','PUEBLO NUEVO DE COLAN'),(15651956,'PIURA','PAITA','TAMARINDO'),(15661957,'PIURA','PAITA','VICHAYAL'),(15671961,'PIURA','SULLANA','SULLANA'),(15681962,'PIURA','SULLANA','BELLAVISTA'),(15691963,'PIURA','SULLANA','LANCONES'),(15701964,'PIURA','SULLANA','MARCAVELICA'),(15711965,'PIURA','SULLANA','MIGUEL CHECA'),(15721966,'PIURA','SULLANA','QUERECOTILLO'),(15731967,'PIURA','SULLANA','SALITRAL'),(15741968,'PIURA','SULLANA','IGNACIO ESCUDERO'),(15751971,'PIURA','TALARA','PARIÐAS'),(15761972,'PIURA','TALARA','EL ALTO'),(15771973,'PIURA','TALARA','LA BREA'),(15781974,'PIURA','TALARA','LOBITOS'),(15791975,'PIURA','TALARA','MANCORA'),(15801976,'PIURA','TALARA','LOS ORGANOS'),(15811981,'PIURA','SECHURA','SECHURA'),(15821982,'PIURA','SECHURA','VICE'),(15831983,'PIURA','SECHURA','BERNAL'),(15841984,'PIURA','SECHURA','BELLAVISTA DE LA UNION'),(15851985,'PIURA','SECHURA','CRISTO NOS VALGA'),(15861986,'PIURA','SECHURA','RINCONADA LLICUAR'),(15872011,'PUNO','PUNO','PUNO'),(15882012,'PUNO','PUNO','ACORA'),(15892013,'PUNO','PUNO','ATUNCOLLA'),(15902014,'PUNO','PUNO','CAPACHICA'),(15912015,'PUNO','PUNO','COATA'),(15922016,'PUNO','PUNO','CHUCUITO'),(15932017,'PUNO','PUNO','HUATA'),(15942018,'PUNO','PUNO','MAÐAZO'),(15952019,'PUNO','PUNO','PAUCARCOLLA'),(16022021,'PUNO','AZANGARO','AZANGARO'),(16032022,'PUNO','AZANGARO','ACHAYA'),(16042023,'PUNO','AZANGARO','ARAPA'),(16052024,'PUNO','AZANGARO','ASILLO'),(16062025,'PUNO','AZANGARO','CAMINACA'),(16072026,'PUNO','AZANGARO','CHUPA'),(16082027,'PUNO','AZANGARO','JOSE DOMINGO CHOQUEHUANCA'),(16092028,'PUNO','AZANGARO','MUÐANI'),(16172031,'PUNO','CARABAYA','MACUSANI'),(16182032,'PUNO','CARABAYA','AJOYANI'),(16192033,'PUNO','CARABAYA','AYAPATA'),(16202034,'PUNO','CARABAYA','COASA'),(16212035,'PUNO','CARABAYA','CORANI'),(16222036,'PUNO','CARABAYA','CRUCERO'),(16232037,'PUNO','CARABAYA','ITUATA'),(16242038,'PUNO','CARABAYA','OLLACHEA'),(16252039,'PUNO','CARABAYA','SAN GABAN'),(16272041,'PUNO','CHUCUITO','JULI'),(16282042,'PUNO','CHUCUITO','DESAGUADERO'),(16292043,'PUNO','CHUCUITO','HUACULLANI'),(16302046,'PUNO','CHUCUITO','PISACOMA'),(16312047,'PUNO','CHUCUITO','POMATA'),(16342051,'PUNO','HUANCANE','HUANCANE'),(16352052,'PUNO','HUANCANE','COJATA'),(16362054,'PUNO','HUANCANE','INCHUPALLA'),(16372056,'PUNO','HUANCANE','PUSI'),(16382057,'PUNO','HUANCANE','ROSASPATA'),(16392058,'PUNO','HUANCANE','TARACO'),(16402059,'PUNO','HUANCANE','VILQUE CHICO'),(16422061,'PUNO','LAMPA','LAMPA'),(16432062,'PUNO','LAMPA','CABANILLA'),(16442063,'PUNO','LAMPA','CALAPUJA'),(16452064,'PUNO','LAMPA','NICASIO'),(16462065,'PUNO','LAMPA','OCUVIRI'),(16472066,'PUNO','LAMPA','PALCA'),(16482067,'PUNO','LAMPA','PARATIA'),(16492068,'PUNO','LAMPA','PUCARA'),(16502069,'PUNO','LAMPA','SANTA LUCIA'),(16522071,'PUNO','MELGAR','AYAVIRI'),(16532072,'PUNO','MELGAR','ANTAUTA'),(16542073,'PUNO','MELGAR','CUPI'),(16552074,'PUNO','MELGAR','LLALLI'),(16562075,'PUNO','MELGAR','MACARI'),(16572076,'PUNO','MELGAR','NUÐOA'),(16582077,'PUNO','MELGAR','ORURILLO'),(16592078,'PUNO','MELGAR','SANTA ROSA'),(16602079,'PUNO','MELGAR','UMACHIRI'),(16612081,'PUNO','SANDIA','SANDIA'),(16622083,'PUNO','SANDIA','CUYOCUYO'),(16632084,'PUNO','SANDIA','LIMBANI'),(16642085,'PUNO','SANDIA','PHARA'),(16652086,'PUNO','SANDIA','PATAMBUCO'),(16662087,'PUNO','SANDIA','QUIACA'),(16672088,'PUNO','SANDIA','SAN JUAN DEL ORO'),(16712091,'PUNO','SAN ROMAN','JULIACA'),(16722092,'PUNO','SAN ROMAN','CABANA'),(16732093,'PUNO','SAN ROMAN','CABANILLAS'),(16742094,'PUNO','SAN ROMAN','CARACOTO'),(16962111,'SAN MARTIN','MOYOBAMBA','MOYOBAMBA'),(16972112,'SAN MARTIN','MOYOBAMBA','CALZADA'),(16982113,'SAN MARTIN','MOYOBAMBA','HABANA'),(16992114,'SAN MARTIN','MOYOBAMBA','JEPELACIO'),(17002115,'SAN MARTIN','MOYOBAMBA','SORITOR'),(17012116,'SAN MARTIN','MOYOBAMBA','YANTALO'),(17022121,'SAN MARTIN','HUALLAGA','SAPOSOA'),(17032122,'SAN MARTIN','HUALLAGA','PISCOYACU'),(17042123,'SAN MARTIN','HUALLAGA','SACANCHE'),(17052124,'SAN MARTIN','HUALLAGA','TINGO DE SAPOSOA'),(17062125,'SAN MARTIN','HUALLAGA','ALTO SAPOSOA'),(17072126,'SAN MARTIN','HUALLAGA','EL ESLABON'),(17082131,'SAN MARTIN','LAMAS','LAMAS'),(17092133,'SAN MARTIN','LAMAS','BARRANQUITA'),(17102134,'SAN MARTIN','LAMAS','CAYNARACHI'),(17112135,'SAN MARTIN','LAMAS','CUÐUMBUQUI'),(17122136,'SAN MARTIN','LAMAS','PINTO RECODO'),(17132137,'SAN MARTIN','LAMAS','RUMISAPA'),(17192141,'SAN MARTIN','MARISCAL CACERES','JUANJUI'),(17202142,'SAN MARTIN','MARISCAL CACERES','CAMPANILLA'),(17212143,'SAN MARTIN','MARISCAL CACERES','HUICUNGO'),(17222144,'SAN MARTIN','MARISCAL CACERES','PACHIZA'),(17232145,'SAN MARTIN','MARISCAL CACERES','PAJARILLO'),(17242151,'SAN MARTIN','RIOJA','RIOJA'),(17252152,'SAN MARTIN','RIOJA','POSIC'),(17262153,'SAN MARTIN','RIOJA','YORONGOS'),(17272154,'SAN MARTIN','RIOJA','YURACYACU'),(17282155,'SAN MARTIN','RIOJA','NUEVA CAJAMARCA'),(17292156,'SAN MARTIN','RIOJA','ELIAS SOPLIN'),(17302157,'SAN MARTIN','RIOJA','SAN FERNANDO'),(17312158,'SAN MARTIN','RIOJA','PARDO MIGUEL'),(17322159,'SAN MARTIN','RIOJA','AWAJUN'),(17332161,'SAN MARTIN','SAN MARTIN','TARAPOTO'),(17342162,'SAN MARTIN','SAN MARTIN','ALBERTO LEVEAU'),(17352164,'SAN MARTIN','SAN MARTIN','CACATACHI'),(17362166,'SAN MARTIN','SAN MARTIN','CHAZUTA'),(17372167,'SAN MARTIN','SAN MARTIN','CHIPURANA'),(17382168,'SAN MARTIN','SAN MARTIN','EL PORVENIR'),(17392169,'SAN MARTIN','SAN MARTIN','HUIMBAYOC'),(17472171,'SAN MARTIN','BELLAVISTA','BELLAVISTA'),(17482172,'SAN MARTIN','BELLAVISTA','SAN RAFAEL'),(17492173,'SAN MARTIN','BELLAVISTA','SAN PABLO'),(17502174,'SAN MARTIN','BELLAVISTA','ALTO BIAVO'),(17512175,'SAN MARTIN','BELLAVISTA','HUALLAGA'),(17522176,'SAN MARTIN','BELLAVISTA','BAJO BIAVO'),(17532181,'SAN MARTIN','TOCACHE','TOCACHE'),(17542182,'SAN MARTIN','TOCACHE','NUEVO PROGRESO'),(17552183,'SAN MARTIN','TOCACHE','POLVORA'),(17562184,'SAN MARTIN','TOCACHE','SHUNTE'),(17572185,'SAN MARTIN','TOCACHE','UCHIZA'),(17582191,'SAN MARTIN','PICOTA','PICOTA'),(17592192,'SAN MARTIN','PICOTA','BUENOS AIRES'),(17602193,'SAN MARTIN','PICOTA','CASPIZAPA'),(17612194,'SAN MARTIN','PICOTA','PILLUANA'),(17622195,'SAN MARTIN','PICOTA','PUCACACA'),(17632196,'SAN MARTIN','PICOTA','SAN CRISTOBAL'),(17642197,'SAN MARTIN','PICOTA','SAN HILARION'),(17652198,'SAN MARTIN','PICOTA','TINGO DE PONASA'),(17662199,'SAN MARTIN','PICOTA','TRES UNIDOS'),(17732211,'TACNA','TACNA','TACNA'),(17742212,'TACNA','TACNA','CALANA'),(17752214,'TACNA','TACNA','INCLAN'),(17762217,'TACNA','TACNA','PACHIA'),(17772218,'TACNA','TACNA','PALCA'),(17782219,'TACNA','TACNA','POCOLLAY'),(17832221,'TACNA','TARATA','TARATA'),(17842225,'TACNA','TARATA','HEROES ALBARRACIN'),(17852226,'TACNA','TARATA','ESTIQUE'),(17862227,'TACNA','TARATA','ESTIQUE PAMPA'),(17912231,'TACNA','JORGE BASADRE','LOCUMBA'),(17922232,'TACNA','JORGE BASADRE','ITE'),(17932233,'TACNA','JORGE BASADRE','ILABAYA'),(17942241,'TACNA','CANDARAVE','CANDARAVE'),(17952242,'TACNA','CANDARAVE','CAIRANI'),(17962243,'TACNA','CANDARAVE','CURIBAYA'),(17972244,'TACNA','CANDARAVE','HUANUARA'),(17982245,'TACNA','CANDARAVE','QUILAHUANI'),(17992246,'TACNA','CANDARAVE','CAMILACA'),(18002311,'TUMBES','TUMBES','TUMBES'),(18012312,'TUMBES','TUMBES','CORRALES'),(18022313,'TUMBES','TUMBES','LA CRUZ'),(18032314,'TUMBES','TUMBES','PAMPAS DE HOSPITAL'),(18042315,'TUMBES','TUMBES','SAN JACINTO'),(18052316,'TUMBES','TUMBES','SAN JUAN DE LA VIRGEN'),(18062321,'TUMBES','CONTRALMIRANTE VILLAR','ZORRITOS'),(18072322,'TUMBES','CONTRALMIRANTE VILLAR','CASITAS'),(18082323,'TUMBES','CONTRALMIRANTE VILLAR','CANOAS DE PUNTA SAL'),(18092331,'TUMBES','ZARUMILLA','ZARUMILLA'),(18102332,'TUMBES','ZARUMILLA','MATAPALO'),(18112333,'TUMBES','ZARUMILLA','PAPAYAL'),(18121010,'ANCASH','PALLASCA','SANTA ROSA'),(18122334,'TUMBES','ZARUMILLA','AGUAS VERDES'),(18132411,'REGION CALLAO','CALLAO','CALLAO'),(18142412,'REGION CALLAO','CALLAO','BELLAVISTA'),(18152413,'REGION CALLAO','CALLAO','LA PUNTA'),(18162414,'REGION CALLAO','CALLAO','CARMEN DE LA LEGUA-REYNOSO'),(18172415,'REGION CALLAO','CALLAO','LA PERLA'),(18182416,'REGION CALLAO','CALLAO','VENTANILLA'),(18192511,'UCAYALI','CORONEL PORTILLO','CALLERIA'),(18202512,'UCAYALI','CORONEL PORTILLO','YARINACOCHA'),(18212513,'UCAYALI','CORONEL PORTILLO','MASISEA'),(18221011,'ANCASH','PALLASCA','TAUCA'),(18222514,'UCAYALI','CORONEL PORTILLO','CAMPOVERDE'),(18232515,'UCAYALI','CORONEL PORTILLO','IPARIA'),(18242516,'UCAYALI','CORONEL PORTILLO','NUEVA REQUENA'),(18252517,'UCAYALI','CORONEL PORTILLO','MANANTAY'),(18262521,'UCAYALI','PADRE ABAD','PADRE ABAD'),(18272522,'UCAYALI','PADRE ABAD','YRAZOLA'),(18282523,'UCAYALI','PADRE ABAD','CURIMANA'),(18292531,'UCAYALI','ATALAYA','RAIMONDI'),(18302532,'UCAYALI','ATALAYA','TAHUANIA'),(18312533,'UCAYALI','ATALAYA','YURUA'),(18322534,'UCAYALI','ATALAYA','SEPAHUA'),(18332541,'UCAYALI','PURUS','PURUS'),(19621210,'ANCASH','RECUAY','CATAC'),(21521410,'ANCASH','SIHUAS','SAN JUAN'),(24922010,'ANCASH','OCROS','SANTIAGO DE CHILCAS'),(53851010,'AYACUCHO','PAUCAR DEL SARA SARA','SARA SARA'),(54851110,'AYACUCHO','SUCRE','CHILCAYOC'),(54951111,'AYACUCHO','SUCRE','MORCOLLA'),(65561010,'CAJAMARCA','SAN MIGUEL','UNION AGUA BLANCA'),(65661011,'CAJAMARCA','SAN MIGUEL','TONGOD'),(65761012,'CAJAMARCA','SAN MIGUEL','CATILLUC'),(65861013,'CAJAMARCA','SAN MIGUEL','BOLIVAR'),(77571210,'CUSCO','QUISPICANCHI','OCONGATE'),(77671211,'CUSCO','QUISPICANCHI','OROPESA'),(77771212,'CUSCO','QUISPICANCHI','QUIQUIJANA'),(96410110,'ICA','ICA','SUBTANJALLA'),(96510111,'ICA','ICA','YAUCA DEL ROSARIO'),(96610112,'ICA','ICA','TATE'),(96710113,'ICA','ICA','PACHACUTEC'),(96810114,'ICA','ICA','OCUCAJE'),(97810210,'ICA','CHINCHA','PUEBLO NUEVO'),(97910211,'ICA','CHINCHA','SAN JUAN DE YANAC'),(100611112,'JUNIN','HUANCAYO','CHUPURO'),(100711113,'JUNIN','HUANCAYO','EL TAMBO'),(100811114,'JUNIN','HUANCAYO','HUACRAPUQUIO'),(100911116,'JUNIN','HUANCAYO','HUALHUAS'),(101011118,'JUNIN','HUANCAYO','HUANCAN'),(101111119,'JUNIN','HUANCAYO','HUASICANCHA'),(101211120,'JUNIN','HUANCAYO','HUAYUCACHI'),(101311121,'JUNIN','HUANCAYO','INGENIO'),(101411122,'JUNIN','HUANCAYO','PARIAHUANCA'),(101511123,'JUNIN','HUANCAYO','PILCOMAYO'),(101611124,'JUNIN','HUANCAYO','PUCARA'),(101711125,'JUNIN','HUANCAYO','QUICHUAY'),(101811126,'JUNIN','HUANCAYO','QUILCAS'),(101911127,'JUNIN','HUANCAYO','SAN AGUSTIN'),(102011128,'JUNIN','HUANCAYO','SAN JERONIMO DE TUNAN'),(102111131,'JUNIN','HUANCAYO','STO DOMINGO DE ACOBAMBA'),(102211132,'JUNIN','HUANCAYO','SAÐO'),(102311133,'JUNIN','HUANCAYO','SAPALLANGA'),(102411134,'JUNIN','HUANCAYO','SICAYA'),(102511136,'JUNIN','HUANCAYO','VIQUES'),(103511210,'JUNIN','CONCEPCION','MATAHUASI'),(103611211,'JUNIN','CONCEPCION','MITO'),(103711212,'JUNIN','CONCEPCION','NUEVE DE JULIO'),(103811213,'JUNIN','CONCEPCION','ORCOTUNA'),(103911214,'JUNIN','CONCEPCION','STA ROSA DE OCOPA'),(104011215,'JUNIN','CONCEPCION','SAN JOSE DE QUERO'),(105011310,'JUNIN','JAUJA','JANJAILLO'),(105111311,'JUNIN','JAUJA','JULCAN'),(105211312,'JUNIN','JAUJA','LEONOR ORDOÐEZ'),(105311313,'JUNIN','JAUJA','LLOCLLAPAMPA'),(105411314,'JUNIN','JAUJA','MARCO'),(105511315,'JUNIN','JAUJA','MASMA'),(105611316,'JUNIN','JAUJA','MOLINOS'),(105711317,'JUNIN','JAUJA','MONOBAMBA'),(105811318,'JUNIN','JAUJA','MUQUI'),(105911319,'JUNIN','JAUJA','MUQUIYAUYO'),(106011320,'JUNIN','JAUJA','PACA'),(106111321,'JUNIN','JAUJA','PACCHA'),(106211322,'JUNIN','JAUJA','PANCAN'),(106311323,'JUNIN','JAUJA','PARCO'),(106411324,'JUNIN','JAUJA','POMACANCHA'),(106511325,'JUNIN','JAUJA','RICRAN'),(106611326,'JUNIN','JAUJA','SAN LORENZO'),(106711327,'JUNIN','JAUJA','SAN PEDRO DE CHUNAN'),(106811328,'JUNIN','JAUJA','SINCOS'),(106911329,'JUNIN','JAUJA','TUNAN MARCA'),(107011330,'JUNIN','JAUJA','YAULI'),(107111331,'JUNIN','JAUJA','CURICACA'),(107211332,'JUNIN','JAUJA','MASMA CHICCHE'),(107311333,'JUNIN','JAUJA','SAUSA'),(107411334,'JUNIN','JAUJA','YAUYOS'),(109711610,'JUNIN','YAULI','STA ROSA DE SACCO'),(112912110,'LA LIBERTAD','TRUJILLO','EL PORVENIR'),(113012111,'LA LIBERTAD','TRUJILLO','LA ESPERANZA'),(113112112,'LA LIBERTAD','TRUJILLO','FLORENCIA DE MORA'),(115312410,'LA LIBERTAD','OTUZCO','SINSICAP'),(115412411,'LA LIBERTAD','OTUZCO','USQUIL'),(115512413,'LA LIBERTAD','OTUZCO','MACHE'),(117012610,'LA LIBERTAD','PATAZ','PIAS'),(117112611,'LA LIBERTAD','PATAZ','TAURIJA'),(117212612,'LA LIBERTAD','PATAZ','URPAY'),(117312613,'LA LIBERTAD','PATAZ','SANTIAGO DE CHALLAS'),(119312101,'LA LIBERTAD','JULCAN','JULCAN'),(119412102,'LA LIBERTAD','JULCAN','CARABAMBA'),(119512103,'LA LIBERTAD','JULCAN','CALAMARCA'),(119612104,'LA LIBERTAD','JULCAN','HUASO'),(119712111,'LA LIBERTAD','GRAN CHIMU','CASCAS'),(119812112,'LA LIBERTAD','GRAN CHIMU','LUCMA'),(119912113,'LA LIBERTAD','GRAN CHIMU','MARMOT'),(120012114,'LA LIBERTAD','GRAN CHIMU','SAYAPULLO'),(120112121,'LA LIBERTAD','VIRU','VIRU'),(120212122,'LA LIBERTAD','VIRU','CHAO'),(120312123,'LA LIBERTAD','VIRU','GUADALUPITO'),(121313110,'LAMBAYEQUE','CHICLAYO','PIMENTEL'),(121413111,'LAMBAYEQUE','CHICLAYO','REQUE'),(121513112,'LAMBAYEQUE','CHICLAYO','JOSE LEONARDO ORTIZ'),(121613113,'LAMBAYEQUE','CHICLAYO','SANTA ROSA'),(121713114,'LAMBAYEQUE','CHICLAYO','SAÐA'),(121813115,'LAMBAYEQUE','CHICLAYO','LA VICTORIA'),(121913116,'LAMBAYEQUE','CHICLAYO','CAYALTI'),(122013117,'LAMBAYEQUE','CHICLAYO','PATAPO'),(122113118,'LAMBAYEQUE','CHICLAYO','POMALCA'),(122213119,'LAMBAYEQUE','CHICLAYO','PUCALA'),(122313120,'LAMBAYEQUE','CHICLAYO','TUMAN'),(123913310,'LAMBAYEQUE','LAMBAYEQUE','SALAS'),(124013311,'LAMBAYEQUE','LAMBAYEQUE','SAN JOSE'),(124113312,'LAMBAYEQUE','LAMBAYEQUE','TUCUME'),(125114110,'LIMA','LIMA','LA MOLINA'),(125214111,'LIMA','LIMA','LINCE'),(125314112,'LIMA','LIMA','LURIGANCHO'),(125414113,'LIMA','LIMA','LURIN'),(125514114,'LIMA','LIMA','MAGDALENA DEL MAR'),(125614115,'LIMA','LIMA','MIRAFLORES'),(125714116,'LIMA','LIMA','PACHACAMAC'),(125814117,'LIMA','LIMA','PUEBLO LIBRE'),(125914118,'LIMA','LIMA','PUCUSANA'),(126014119,'LIMA','LIMA','PUENTE PIEDRA'),(126114120,'LIMA','LIMA','PUNTA HERMOSA'),(126214121,'LIMA','LIMA','PUNTA NEGRA'),(126314122,'LIMA','LIMA','RIMAC'),(126414123,'LIMA','LIMA','SAN BARTOLO'),(126514124,'LIMA','LIMA','SAN ISIDRO'),(126614125,'LIMA','LIMA','BARRANCO'),(126714126,'LIMA','LIMA','SAN MARTIN DE PORRES'),(126814127,'LIMA','LIMA','SAN MIGUEL'),(126914128,'LIMA','LIMA','STA MARIA DEL MAR'),(127014129,'LIMA','LIMA','SANTA ROSA'),(127114130,'LIMA','LIMA','SANTIAGO DE SURCO'),(127214131,'LIMA','LIMA','SURQUILLO'),(127314132,'LIMA','LIMA','VILLA MARIA DEL TRIUNFO'),(127414133,'LIMA','LIMA','JESUS MARIA'),(127514134,'LIMA','LIMA','INDEPENDENCIA'),(127614135,'LIMA','LIMA','EL AGUSTINO'),(127714136,'LIMA','LIMA','SAN JUAN DE MIRAFLORES'),(127814137,'LIMA','LIMA','SAN JUAN DE LURIGANCHO'),(127914138,'LIMA','LIMA','SAN LUIS'),(128014139,'LIMA','LIMA','CIENEGUILLA'),(128114140,'LIMA','LIMA','SAN BORJA'),(128214141,'LIMA','LIMA','VILLA EL SALVADOR'),(128314142,'LIMA','LIMA','LOS OLIVOS'),(128414143,'LIMA','LIMA','SANTA ANITA'),(130614410,'LIMA','CAÐETE','PACARAN'),(130714411,'LIMA','CAÐETE','QUILMANA'),(130814412,'LIMA','CAÐETE','SAN ANTONIO'),(130914413,'LIMA','CAÐETE','SAN LUIS'),(131014414,'LIMA','CAÐETE','SANTA CRUZ DE FLORES'),(131114415,'LIMA','CAÐETE','ZUÐIGA'),(131214416,'LIMA','CAÐETE','ASIA'),(132114511,'LIMA','HUAURA','SANTA LEONOR'),(132214512,'LIMA','HUAURA','SANTA MARIA'),(132314513,'LIMA','HUAURA','SAYAN'),(132414516,'LIMA','HUAURA','VEGUETA'),(133414610,'LIMA','HUAROCHIRI','LAHUAYTAMBO'),(133514611,'LIMA','HUAROCHIRI','LANGA'),(133614612,'LIMA','HUAROCHIRI','MARIATANA'),(133714613,'LIMA','HUAROCHIRI','RICARDO PALMA'),(133814614,'LIMA','HUAROCHIRI','SAN ANDRES DE TUPICOCHA'),(133914615,'LIMA','HUAROCHIRI','SAN ANTONIO'),(134014616,'LIMA','HUAROCHIRI','SAN BARTOLOME'),(134114617,'LIMA','HUAROCHIRI','SAN DAMIAN'),(134214618,'LIMA','HUAROCHIRI','SANGALLAYA'),(134314619,'LIMA','HUAROCHIRI','SAN JUAN DE TANTARANCHE'),(134414620,'LIMA','HUAROCHIRI','SAN LORENZO DE QUINTI'),(134514621,'LIMA','HUAROCHIRI','SAN MATEO'),(134614622,'LIMA','HUAROCHIRI','SAN MATEO DE OTAO'),(134714623,'LIMA','HUAROCHIRI','SAN PEDRO DE HUANCAYRE'),(134814624,'LIMA','HUAROCHIRI','SANTA CRUZ DE COCACHACRA'),(134914625,'LIMA','HUAROCHIRI','SANTA EULALIA'),(135014626,'LIMA','HUAROCHIRI','SANTIAGO DE ANCHUCAYA'),(135114627,'LIMA','HUAROCHIRI','SANTIAGO DE TUNA'),(135214628,'LIMA','HUAROCHIRI','SANTO DOMINGO DE LOS OLLEROS'),(135314629,'LIMA','HUAROCHIRI','SURCO'),(135414630,'LIMA','HUAROCHIRI','HUACHUPAMPA'),(135514631,'LIMA','HUAROCHIRI','LARAOS'),(135614632,'LIMA','HUAROCHIRI','SAN JUAN DE IRIS'),(136614710,'LIMA','YAUYOS','CHOCOS'),(136714711,'LIMA','YAUYOS','HUAMPARA'),(136814712,'LIMA','YAUYOS','HUANCAYA'),(136914713,'LIMA','YAUYOS','HUANGASCAR'),(137014714,'LIMA','YAUYOS','HUANTAN'),(137114715,'LIMA','YAUYOS','HUAÐEC'),(137214716,'LIMA','YAUYOS','LARAOS'),(137314717,'LIMA','YAUYOS','LINCHA'),(137414718,'LIMA','YAUYOS','MIRAFLORES'),(137514719,'LIMA','YAUYOS','OMAS'),(137614720,'LIMA','YAUYOS','QUINCHES'),(137714721,'LIMA','YAUYOS','QUINOCAY'),(137814722,'LIMA','YAUYOS','SAN JOAQUIN'),(137914723,'LIMA','YAUYOS','SAN PEDRO DE PILAS'),(138014724,'LIMA','YAUYOS','TANTA'),(138114725,'LIMA','YAUYOS','TAURIPAMPA'),(138214726,'LIMA','YAUYOS','TUPE'),(138314727,'LIMA','YAUYOS','TOMAS'),(138414728,'LIMA','YAUYOS','VIÐAC'),(138514729,'LIMA','YAUYOS','VITIS'),(138614730,'LIMA','YAUYOS','HONGOS'),(138714731,'LIMA','YAUYOS','MADEAN'),(138814732,'LIMA','YAUYOS','PUTINZA'),(138914733,'LIMA','YAUYOS','CATAHUASI'),(139914810,'LIMA','HUARAL','VEINTISIETE DE NOVIEMBRE'),(140014811,'LIMA','HUARAL','STA CRUZ DE ANDAMARCA'),(140114812,'LIMA','HUARAL','SUMBILCA'),(140714101,'LIMA','OYON','OYON'),(140814102,'LIMA','OYON','NAVAN'),(140914103,'LIMA','OYON','CAUJUL'),(141014104,'LIMA','OYON','ANDAJES'),(141114105,'LIMA','OYON','PACHANGARA'),(141214106,'LIMA','OYON','COCHAMARCA'),(142115110,'LORETO','MAYNAS','INDIANA'),(142215111,'LORETO','MAYNAS','PUNCHANA'),(142315112,'LORETO','MAYNAS','BELEN'),(142415113,'LORETO','MAYNAS','SAN JUAN BAUTISTA'),(142515114,'LORETO','MAYNAS','TNTE MANUEL CLAVERO'),(143015210,'LORETO','ALTO AMAZONAS','SANTA CRUZ'),(143115211,'LORETO','ALTO AMAZONAS','TNTE CESAR LOPEZ ROJAS'),(144615410,'LORETO','REQUENA','JENARO HERRERA'),(144715411,'LORETO','REQUENA','YAQUERANA'),(149017210,'MOQUEGUA','GENERAL SANCHEZ CERRO','UBINAS'),(149117211,'MOQUEGUA','GENERAL SANCHEZ CERRO','YUNGA'),(150318110,'PASCO','PASCO','SIMON BOLIVAR'),(150418111,'PASCO','PASCO','TICLACAYAN'),(150518112,'PASCO','PASCO','TINYAHUARCO'),(150618113,'PASCO','PASCO','VICCO'),(150718114,'PASCO','PASCO','YANACANCHA'),(153019113,'PIURA','PIURA','CURA MORI'),(153119114,'PIURA','PIURA','EL TALLAN'),(154119210,'PIURA','AYABACA','PAIMAS'),(155919410,'PIURA','MORROPON','SAN JUAN DE BIGOTE'),(159620110,'PUNO','PUNO','PICHACANI'),(159720111,'PUNO','PUNO','SAN ANTONIO'),(159820112,'PUNO','PUNO','TIQUILLACA'),(159920113,'PUNO','PUNO','VILQUE'),(160020114,'PUNO','PUNO','PLATERIA'),(160120115,'PUNO','PUNO','AMANTANI'),(161020210,'PUNO','AZANGARO','POTONI'),(161120212,'PUNO','AZANGARO','SAMAN'),(161220213,'PUNO','AZANGARO','SAN ANTON'),(161320214,'PUNO','AZANGARO','SAN JOSE'),(161420215,'PUNO','AZANGARO','SAN JUAN DE SALINAS'),(161520216,'PUNO','AZANGARO','STGO DE PUPUJA'),(161620217,'PUNO','AZANGARO','TIRAPATA'),(162620310,'PUNO','CARABAYA','USICAYOS'),(163220410,'PUNO','CHUCUITO','ZEPITA'),(163320412,'PUNO','CHUCUITO','KELLUYO'),(164120511,'PUNO','HUANCANE','HUATASANI'),(165120610,'PUNO','LAMPA','VILAVILA'),(166820810,'PUNO','SANDIA','YANAHUAYA'),(166920811,'PUNO','SANDIA','ALTO INAMBARI'),(167020812,'PUNO','SANDIA','SAN PEDRO DE PUTINA PUNCO'),(167520101,'PUNO','YUNGUYO','YUNGUYO'),(167620102,'PUNO','YUNGUYO','UNICACHI'),(167720103,'PUNO','YUNGUYO','ANAPIA'),(167820104,'PUNO','YUNGUYO','COPANI'),(167920105,'PUNO','YUNGUYO','CUTURAPI'),(168020106,'PUNO','YUNGUYO','OLLARAYA'),(168120107,'PUNO','YUNGUYO','TINICACHI'),(168220111,'PUNO','SAN ANTONIO DE PUTINA','PUTINA'),(168320112,'PUNO','SAN ANTONIO DE PUTINA','PEDRO VILCA APAZA'),(168420113,'PUNO','SAN ANTONIO DE PUTINA','QUILCA PUNCU'),(168520114,'PUNO','SAN ANTONIO DE PUTINA','ANANEA'),(168620115,'PUNO','SAN ANTONIO DE PUTINA','SINA'),(168720121,'PUNO','EL COLLAO','ILAVE'),(168820122,'PUNO','EL COLLAO','PILCUYO'),(168920123,'PUNO','EL COLLAO','SANTA ROSA'),(169020124,'PUNO','EL COLLAO','CAPASO'),(169120125,'PUNO','EL COLLAO','CONDURIRI'),(169220131,'PUNO','MOHO','MOHO'),(169320132,'PUNO','MOHO','CONIMA'),(169420133,'PUNO','MOHO','TILALI'),(169520134,'PUNO','MOHO','HUAYRAPATA'),(171421311,'SAN MARTIN','LAMAS','SHANAO'),(171521313,'SAN MARTIN','LAMAS','TABALOSOS'),(171621314,'SAN MARTIN','LAMAS','ZAPATERO'),(171721315,'SAN MARTIN','LAMAS','ALONSO DE ALVARADO'),(171821316,'SAN MARTIN','LAMAS','SAN ROQUE DE CUMBAZA'),(174021610,'SAN MARTIN','SAN MARTIN','JUAN GUERRA'),(174121611,'SAN MARTIN','SAN MARTIN','MORALES'),(174221612,'SAN MARTIN','SAN MARTIN','PAPAPLAYA'),(174321616,'SAN MARTIN','SAN MARTIN','SAN ANTONIO'),(174421619,'SAN MARTIN','SAN MARTIN','SAUCE'),(174521620,'SAN MARTIN','SAN MARTIN','SHAPAJA'),(174621621,'SAN MARTIN','SAN MARTIN','LA BANDA DE SHILCAYO'),(176721910,'SAN MARTIN','PICOTA','SHAMBOYACU'),(176821101,'SAN MARTIN','EL DORADO','SAN JOSE DE SISA'),(176921102,'SAN MARTIN','EL DORADO','AGUA BLANCA'),(177021103,'SAN MARTIN','EL DORADO','SHATOJA'),(177121104,'SAN MARTIN','EL DORADO','SAN MARTIN'),(177221105,'SAN MARTIN','EL DORADO','SANTA ROSA'),(177922110,'TACNA','TACNA','SAMA'),(178022111,'TACNA','TACNA','ALTO DE LA ALIANZA'),(178122112,'TACNA','TACNA','CIUDAD NUEVA'),(178222113,'TACNA','TACNA','CORONEL GREGORIO ALBARRACIN L.'),(178722210,'TACNA','TARATA','SITAJARA'),(178822211,'TACNA','TARATA','SUSAPAYA'),(178922212,'TACNA','TARATA','TARUCACHI'),(179022213,'TACNA','TARATA','TICACO');
/*!40000 ALTER TABLE `ubigeo` ENABLE KEYS */;
UNLOCK TABLES;

--
-- Table structure for table `usuario`
--

DROP TABLE IF EXISTS `usuario`;
/*!40101 SET @saved_cs_client     = @@character_set_client */;
 SET character_set_client = utf8mb4 ;
CREATE TABLE `usuario` (
  `idusuario` int(11) NOT NULL AUTO_INCREMENT,
  `usuario` varchar(45) DEFAULT NULL,
  `contrasenia` varchar(100) DEFAULT NULL,
  `cargo` varchar(45) DEFAULT NULL,
  PRIMARY KEY (`idusuario`)
) ENGINE=InnoDB AUTO_INCREMENT=15 DEFAULT CHARSET=utf8;
/*!40101 SET character_set_client = @saved_cs_client */;

--
-- Dumping data for table `usuario`
--

LOCK TABLES `usuario` WRITE;
/*!40000 ALTER TABLE `usuario` DISABLE KEYS */;
INSERT INTO `usuario` VALUES (1,'Daniel','$2y$12$yqVuPn6YFPFtO5dNqhXB0uJkLGMNXd5ygLx.i4mVrRDDt25g97J62','Cliente'),(2,'Alexis','$2y$12$5OVHr8.yfphVvBuPa.TCoOX/1L1s83qss4Tj6xpk3VHpHIDbtgKX2','Personal de Ventas'),(3,'Kevin','$2y$12$Kd/oIPdGB4Avt50M/VFfbuDO/9QgtI7y1kag3UW2Y6wdWUllOAQ4K','Veterinario'),(4,'Daniel1','$2y$12$.wh7tt6tSGuf6GyNxc.3yejXOFu6RCeA.VIqwZs28bf/QrGmMYQpW','Cliente'),(5,'Prueba1','$2y$12$saRqKwYMSy.BoX.QTxQbP.VQAmTUdPYGSb.x7/9/kc0yj4aWEu.Ka','Cliente'),(6,'Prueba2','$2y$12$hUj051vOBRIjAD13HlFJsuud1W5GmrbS/lLLhvzU0C4pqDWjAl4x6','Cliente'),(7,'asdasdasd','$2y$12$lqfvg01kNh3pPn3ZjrtdqeN8b7q9ZEdVA8ph.QhTZTyGqtHslFNXu','Cliente'),(8,'asdasdasdasd','$2y$12$E6F4rp16Bwn5A1gGeiWb0um8jAKg560GCJDfTMcbch2mYxXPTbnYu','Cliente'),(9,'asdasdasd123123','$2y$12$/4m66z1Ak/8vTJ6ER52vq.jVRixxFoSmsFqQqGVlyDxIw8hmvMBA6','Cliente'),(10,'asdasdasd123123ddd','$2y$12$AwiuGfdX8GlecgOaPASZjuABNSDy72fz0u7k4SiKNDm/ZCWv7yqDK','Cliente'),(11,'qweqweqwe','$2y$12$l7yuQ5LZb.0y7bJ/YObJAeSxFymt/0h2WOnK/I4DtbNpjHi4bMKFe','Cliente'),(12,'DanielChr1812','$2a$10$31F9qq4zhWGe/WEAJ.kjPe6luJqK4IHgc3Wz3j9wRj6vqlRVvNEW.','Cliente'),(13,'DanielChr18','$2a$10$fjtWzfRNVtlhmLvueFuN/e/arYYfdpiH1FbPqprsqRGR47o392HGG','Cliente'),(14,'DanielChr121810','$2a$10$ddBOaE0cLzMmt5Kz2hcpWuVdruPNSnI2SsYDxFhh/9MlcqesTXzRO','Cliente');
/*!40000 ALTER TABLE `usuario` ENABLE KEYS */;
UNLOCK TABLES;

--
-- Dumping events for database 'proyecto_integrador_v2'
--

--
-- Dumping routines for database 'proyecto_integrador_v2'
--
/*!40103 SET TIME_ZONE=@OLD_TIME_ZONE */;

/*!40101 SET SQL_MODE=@OLD_SQL_MODE */;
/*!40014 SET FOREIGN_KEY_CHECKS=@OLD_FOREIGN_KEY_CHECKS */;
/*!40014 SET UNIQUE_CHECKS=@OLD_UNIQUE_CHECKS */;
/*!40101 SET CHARACTER_SET_CLIENT=@OLD_CHARACTER_SET_CLIENT */;
/*!40101 SET CHARACTER_SET_RESULTS=@OLD_CHARACTER_SET_RESULTS */;
/*!40101 SET COLLATION_CONNECTION=@OLD_COLLATION_CONNECTION */;
/*!40111 SET SQL_NOTES=@OLD_SQL_NOTES */;

-- Dump completed on 2021-06-26 13:17:54
